id,title,city,country,lat,lng,start_date,end_date,status,km,notes,address
1,Woerden,,Netherlands,52.0862290,4.8818111,13-Nov-25,13-Nov-25,planned,,,Nieuwe Markt 20 Woerden
2,Lima,,Peru,-12.12199306733713,-77.02661143965986,14-Nov-25,14-Nov-25,booked,,"Miraflores & Coastline

Morning

Parque Kennedy → let the kids enjoy the playgrounds and watch the cats.

Coffee/snack at a café nearby (El Pan de la Chola is family-friendly).

Late Morning / Lunch

Walk or short taxi to Huaca Pucllana.

Explore the ruins briefly (kids love the “sandcastle” look).

Lunch at the Huaca Pucllana restaurant with views of the pyramid (high chairs available).

Afternoon

Malecón de Miraflores → stroll the cliffside path, stop at playgrounds.

End at Parque del Amor for the mosaics and sea view.

Dinner

Relaxed food at Mercado 28 (lots of choice, casual).","Av La Paz, 463 - Miraflores, Miraflores, Lima 18 Lima, Peru"
3,Lima,,Peru,-12.12199306733713,-77.02661143965986,15-Nov-25,15-Nov-25,booked,,"Zoo & Magic Water Show

Morning

Taxi to Parque de las Leyendas (Lima Zoo).

See Peruvian animals: llamas, condors, jaguars, sea lions.

Pack snacks and water—there are picnic spots.

Stroller friendly but large; focus on one or two sections.

Lunch

Eat at the zoo or head back toward Miraflores for lunch/nap break.

Afternoon (Rest / Light Play)

Short rest at accommodation.

If kids still have energy: visit Parque Reducto #2 (playgrounds, mini train on weekends).

Evening

Circuito Mágico del Agua (Magic Water Circuit) in Parque de la Reserva.

Go around 6–7 PM for the light show.

Bring spare clothes for kids (some fountains are splash zones).

Safe, stroller-friendly, and magical for children.","Av La Paz, 463 - Miraflores, Miraflores, Lima 18 Lima, Peru"
4,Lima,,Peru,-12.12199306733713,-77.02661143965986,16-Nov-25,16-Nov-25,booked,,"Barranco & Beach Time

Morning

Head to Barranco (bohemian district).

Walk the Puente de los Suspiros (Bridge of Sighs).

Enjoy the colorful murals.

Stop at a café with outdoor space (La Panetteria or Sofá Café).

Lunch

Family-friendly spot like Canta Rana (casual local food) or head back to Miraflores.

Afternoon

Taxi to Costa Verde beaches.

Let kids play in the sand at Playa Agua Dulce (Chorrillos) or calmer stretches.

Watch surfers and enjoy the seaside.

Dinner

Treat yourselves to fresh fish at a casual cevichería (e.g., La Red, which is family friendly).","Av La Paz, 463 - Miraflores, Miraflores, Lima 18 Lima, Peru"
5,Amazon,,Peru,-12.779936037753904,-69.25776842736403,17-Nov-25,17-Nov-25,booked,,"TAMBOPATA RIVER
Our adventure in the jungle begins by taking the boat heading to Ñape Lodge. We will navigate the Tambopata River for 30 minutes and become familiar with the landscapes that the Amazon rainforest has to show us. Tambopata is the main river in the Madre de Dios region and runs through the Tambopata National Reserve. All along this river is located the native community Ese Eja de Infierno who are the owners of Ñape Lodge. Tambopata is known for its lakes and clay licks, for its biodiversity and for being home to felines such as the jaguar and puma, birds such as parrots and macaws, the rodent capybara, amphibians and a diversity of reptiles. The Tambopata River is a meeting place and a source of life for the species that inhabit this ecosystem.

LUNCH

CANOPY TOWER
We will hike through the rainforest for about 30 minutes among the trails that surround our lodge until we reach the Canopy Tower. This tower has a height of 37m and will lead us to the top of the trees to admire the forest from the perspective of the birds and monkeys that inhabit it. From the top you get spectacular views of the vast extensions of the standing forest, cut by the Tambopata River that serpentines through the middle. With some luck we will see toucans, parrots or macaws flying against the horizon, or flocks of mixed species perching high above.

NIGHT WALK
It is said that in the jungle, night is the end of the day for many species, but it is the beginning of the day for many others. We will have the opportunity to experience an exciting night walk, where we will be able to observe a great diversity of insects, moths, amphibians and reptiles. It is time to turn on our flashlights and pay attention to our senses because in the jungle, everything is alive.

DINNER","-12.779936037753904, -69.25776842736403, Peru"
6,Amazon,,Peru,-12.779936037753904,-69.25776842736403,18-Nov-25,18-Nov-25,planned,,"BREAKFAST

LAKE TRES CHIMBADAS
Early in the morning, we will board a boat upriver and enjoy the fresh air of the Amazonian dawn, until we get to the starting point of a hike through a secondary forest, which will take us to the serpent-shaped lake, better known as Tres Chimbadas. Here we will board a rowing catamaran and prepare our senses to enjoy what this beautiful place has to offer. We will be able to see monkeys, birds, black caimans, and the famous river otter that dominates this habitat.

PARROT CLAY LICK
The clay licks or Collpas are large walls of clay rich in minerals and especially in sodium. They are found along the rivers. This is the favorite place of many parrots and macaws of Tambopata, who come every morning for their supply of minerals and to socialize. We will navigate by boat to a parrot clay lick, make ourselves comfortable and wait patiently for the show. This is a great opportunity to appreciate these beautiful birds, their variety of color and behavior.

LEARN ABOUT THE TECHNIQUES OF CASERÍA (BOW AND ARROW SHOOTING)
In the afternoon we head to the Hunter’s Hut. Our guide will give us an overview and teach us some of the traditional hunting techniques practiced by the Ese Eja natives. Using the bow and a variety of arrows, each one designed for different purposes (large animals, small animals and fish), we will learn about the importance and accuracy of each detail in the elaboration and use of these tools. At the end, we will make a fun but safe archery practice with bow and arrow towards a bull and we will test our aim.

LUNCH

ETHNOBOTANICAL GARDEN
The Ñape Ethnobotanical Garden is a community organization responsible for keeping alive and disseminating ancestral knowledge about the power of plants and their healing effects. In this place, natural medicines are produced from the plants of the rainforest. We will take a walk along a trail where we can find some of the most important plants such as the chacruna and ayahuasca in their natural habitat and we can taste a natural medicine made from the bark and leaves of the trees macerated in sugar cane alcohol. We will learn about the history of the Ñape Garden and the healers and shamans responsible for its maintenance.

SEARCH FOR CAIMANS
At dusk, we will embark on an adventure, riding the boat and guided by its powerful light, in search of the nocturnal life of the rainforest. Here, the nocturnal creatures adapted to the dark are very active and come out to hunt along the Tambopata River. Caimans wait patiently for their prey along the riverbanks. We may also see capybaras or deer, as they are animals that usually hang around the river, and maybe with a lot of luck, a puma or jaguar.

DINNER","-12.779936037753904, -69.25776842736403, Peru"
7,Amazon,,Peru,-12.779936037753904,-69.25776842736403,19-Nov-25,19-Nov-25,planned,,"BREAKFAST

MAMMAL CLAY LICK
Here we hike for two hours through forest trails until we reach the mammal clay lick. This place attracts visitors such as birds, deer, monkeys, and other mammals that come to feed and get the minerals they need for their nutritional balance.

LUNCH

BOAT RIDE AND SUNSET
Sailing the Tambopata River is a great experience in itself, but watching the sunset on the Tambopata River is an unforgettable spectacle. We will embark our boat upriver in search of capybaras, caimans or if we are fortunate, a jaguar on the prowl. One of the best gifts Tambopata can offer us is this beautiful colorful watercolor. Enjoy!

DINNER","-12.779936037753904, -69.25776842736403, Peru"
8,Amazon,,Peru,-12.779936037753904,-69.25776842736403,20-Nov-25,20-Nov-25,planned,,"BREAKFAST

ESE EJA MASTER HIKE
The longest hike we will do takes approximately three hours. We will dive into the dense virgin forest, getting to observe giant trees with over 400 years old. In the deepest part of the reserve we will get to Cocococha Lake and walk through its surroundings, looking carefully to find the black caiman in the swampy area, or the anaconda resting on the shore of the lake. The monkeys, eating the fruits of the palm trees and the macaws flying in pairs watching us from above. Our guide shows us the monkeys and gives us insights about the different species in a very entertaining conversation. An ideal tour for adventure and trekking lovers.","-12.779936037753904, -69.25776842736403, Peru"
9,Ollantaytambo,,Peru,-13.276070477148247,-72.21195880917031,21-Nov-25,21-Nov-25,planned,,"BREAKFAST

RETURN
After breakfast, we will say goodbye to the jungle and head back to the city of Puerto Maldonado. Before heading to the airport, we will stop by our office to pick up our bags or any additional assistance you may need. This day marks the end of your exciting jungle adventure, taking with you unforgettable memories and enriching experiences.","Carretera Urubamba - Ollantaytambo km 81, Ollantaytambo, Peru"
10,Ollantaytambo,,Peru,-13.276070477148247,-72.21195880917031,22-Nov-25,22-Nov-25,planned,,El Albergue Farm,"Carretera Urubamba - Ollantaytambo km 81, Ollantaytambo, Peru"
11,Ollantaytambo,,Peru,-13.276070477148247,-72.21195880917031,23-Nov-25,23-Nov-25,planned,,Machu Picchu,"Carretera Urubamba - Ollantaytambo km 81, Ollantaytambo, Peru"
12,Ollantaytambo,,Peru,-13.276070477148247,-72.21195880917031,24-Nov-25,24-Nov-25,planned,,https://www.awamaki.org/pages/contact?contact_posted=true#contact_form,"Carretera Urubamba - Ollantaytambo km 81, Ollantaytambo, Peru"
13,Lama farm,,Peru,-13.322787296757596,-72.14495829758252,25-Nov-25,25-Nov-25,planned,,,"-13.322787296757596, -72.14495829758252, Peru"
14,Lama farm,,Peru,-13.322787296757596,-72.14495829758252,26-Nov-25,26-Nov-25,planned,,Picnic and Paint,"-13.322787296757596, -72.14495829758252, Peru"
15,Lama farm,,Peru,-13.322787296757596,-72.14495829758252,27-Nov-25,27-Nov-25,planned,,,"-13.322787296757596, -72.14495829758252, Peru"
16,Cusco,,Peru,-13.513742922227808,-71.9748936963098,28-Nov-25,28-Nov-25,planned,,,"Calle Tandapata 172, Cusco City Centre, Cusco, Peru"
17,Cusco,,Peru,-13.513742922227808,-71.9748936963098,29-Nov-25,29-Nov-25,planned,,https://planetariumcusco.com/,"Calle Tandapata 172, Cusco City Centre, Cusco, Peru"
18,Cusco,,Peru,-13.513742922227808,-71.9748936963098,30-Nov-25,30-Nov-25,planned,,,"Calle Tandapata 172, Cusco City Centre, Cusco, Peru"
19,Venando,,Costa Rica,10.330631534886663,-85.72146753914419,1-Dec-25,1-Dec-25,planned,,,"Venado Hills, Santa Cruz, Costa Rica"
20,Venando,,Costa Rica,10.330631534886663,-85.72146753914419,2-Dec-25,2-Dec-25,planned,,,"Venado Hills, Santa Cruz, Costa Rica"
21,Venando,,Costa Rica,10.330631534886663,-85.72146753914419,3-Dec-25,3-Dec-25,planned,,,"Venado Hills, Santa Cruz, Costa Rica"
22,Venando,,Costa Rica,10.330631534886663,-85.72146753914419,4-Dec-25,4-Dec-25,planned,,,"Venado Hills, Santa Cruz, Costa Rica"
23,Venando,,Costa Rica,10.330631534886663,-85.72146753914419,5-Dec-25,5-Dec-25,planned,,,"Venado Hills, Santa Cruz, Costa Rica"
24,Venando,,Costa Rica,10.330631534886663,-85.72146753914419,6-Dec-25,6-Dec-25,planned,,,"Venado Hills, Santa Cruz, Costa Rica"
25,Venando,,Costa Rica,10.330631534886663,-85.72146753914419,7-Dec-25,7-Dec-25,planned,,,"Venado Hills, Santa Cruz, Costa Rica"
26,Venando,,Costa Rica,10.330631534886663,-85.72146753914419,8-Dec-25,8-Dec-25,planned,,,"Venado Hills, Santa Cruz, Costa Rica"
27,Venando,,Costa Rica,10.330631534886663,-85.72146753914419,9-Dec-25,9-Dec-25,planned,,,"Venado Hills, Santa Cruz, Costa Rica"
28,Manzanillo,,Costa Rica,9.642288944738846,-85.16653455454265,10-Dec-25,10-Dec-25,planned,,,"800 metros norte de la cancha de futbol de Santa Teresa, 60111 Santa Teresa Beach, Costa Rica"
29,Manzanillo,,Costa Rica,9.642288944738846,-85.16653455454265,11-Dec-25,11-Dec-25,planned,,,"800 metros norte de la cancha de futbol de Santa Teresa, 60111 Santa Teresa Beach, Costa Rica"
30,Manzanillo,,Costa Rica,9.642288944738846,-85.16653455454265,12-Dec-25,12-Dec-25,planned,,,"800 metros norte de la cancha de futbol de Santa Teresa, 60111 Santa Teresa Beach, Costa Rica"
31,Manzanillo,,Costa Rica,9.642288944738846,-85.16653455454265,13-Dec-25,13-Dec-25,planned,,,"800 metros norte de la cancha de futbol de Santa Teresa, 60111 Santa Teresa Beach, Costa Rica"
32,Col del Toro,,Costa Rica,10.350979677891791,-84.27300601106352,14-Dec-25,14-Dec-25,planned,,,"Alajuela, San Carlos, 2 km Sureste de la Escuela de Masella, Venecia, 11000 Marsella, Costa Rica"
33,Col del Toro,,Costa Rica,10.350979677891791,-84.27300601106352,15-Dec-25,15-Dec-25,planned,,,"Alajuela, San Carlos, 2 km Sureste de la Escuela de Masella, Venecia, 11000 Marsella, Costa Rica"
34,Col del Toro,,Costa Rica,10.350979677891791,-84.27300601106352,16-Dec-25,16-Dec-25,planned,,,"Alajuela, San Carlos, 2 km Sureste de la Escuela de Masella, Venecia, 11000 Marsella, Costa Rica"
35,Col del Toro,,Costa Rica,10.350979677891791,-84.27300601106352,17-Dec-25,17-Dec-25,planned,,,"Alajuela, San Carlos, 2 km Sureste de la Escuela de Masella, Venecia, 11000 Marsella, Costa Rica"
36,Col del Toro,,Costa Rica,10.350979677891791,-84.27300601106352,18-Dec-25,18-Dec-25,planned,,,"Alajuela, San Carlos, 2 km Sureste de la Escuela de Masella, Venecia, 11000 Marsella, Costa Rica"
37,Col del Toro,,Costa Rica,10.350979677891791,-84.27300601106352,19-Dec-25,19-Dec-25,planned,,,"Alajuela, San Carlos, 2 km Sureste de la Escuela de Masella, Venecia, 11000 Marsella, Costa Rica"
38,Col del Toro,,Costa Rica,10.350979677891791,-84.27300601106352,20-Dec-25,20-Dec-25,planned,,,"Alajuela, San Carlos, 2 km Sureste de la Escuela de Masella, Venecia, 11000 Marsella, Costa Rica"
39,Pejibaye District,,Costa Rica,9.152652714212746,-83.70629080604962,21-Dec-25,21-Dec-25,planned,,,"Calle la Union 300m North of Selva Armonia, 60504 Uvita, Costa Rica"
40,Pejibaye District,,Costa Rica,9.152652714212746,-83.70629080604962,22-Dec-25,22-Dec-25,planned,,,"Calle la Union 300m North of Selva Armonia, 60504 Uvita, Costa Rica"
41,Pejibaye District,,Costa Rica,9.152652714212746,-83.70629080604962,23-Dec-25,23-Dec-25,planned,,,"Calle la Union 300m North of Selva Armonia, 60504 Uvita, Costa Rica"
42,Pejibaye District,,Costa Rica,9.152652714212746,-83.70629080604962,24-Dec-25,24-Dec-25,planned,,,"Calle la Union 300m North of Selva Armonia, 60504 Uvita, Costa Rica"
43,Pejibaye District,,Costa Rica,9.152652714212746,-83.70629080604962,25-Dec-25,25-Dec-25,planned,,,"Calle la Union 300m North of Selva Armonia, 60504 Uvita, Costa Rica"
44,Pejibaye District,,Costa Rica,9.152652714212746,-83.70629080604962,26-Dec-25,26-Dec-25,planned,,,"Calle la Union 300m North of Selva Armonia, 60504 Uvita, Costa Rica"
45,Pejibaye District,,Costa Rica,9.152652714212746,-83.70629080604962,27-Dec-25,27-Dec-25,planned,,,"Calle la Union 300m North of Selva Armonia, 60504 Uvita, Costa Rica"
46,Mexico City,,Mexico,19.414188744273595,-99.16232821941087,28-Dec-25,28-Dec-25,planned,,,"172 Calle Querétaro, 06760 Mexico City, Mexico"
47,Mexico City,,Mexico,19.414188744273595,-99.16232821941087,29-Dec-25,29-Dec-25,planned,,,"172 Calle Querétaro, 06760 Mexico City, Mexico"
48,Puerto Vallarta,,Mexico,20.87233865688855,-105.43441447520658,30-Dec-25,30-Dec-25,planned,,,"Rosalio Tapia 2 , 63728 Sayulita, Mexico"
49,Puerto Vallarta,,Mexico,20.87233865688855,-105.43441447520658,31-Dec-25,31-Dec-25,planned,,,"Rosalio Tapia 2 , 63728 Sayulita, Mexico"
50,Puerto Vallarta,,Mexico,20.87233865688855,-105.43441447520658,1-Jan-26,1-Jan-26,planned,,,"Rosalio Tapia 2 , 63728 Sayulita, Mexico"
51,Puerto Vallarta,,Mexico,20.87233865688855,-105.43441447520658,2-Jan-26,2-Jan-26,planned,,,"Rosalio Tapia 2 , 63728 Sayulita, Mexico"
52,Puerto Vallarta,,Mexico,20.87233865688855,-105.43441447520658,3-Jan-26,3-Jan-26,planned,,,"Rosalio Tapia 2 , 63728 Sayulita, Mexico"
53,Puerto Vallarta,,Mexico,20.87233865688855,-105.43441447520658,4-Jan-26,4-Jan-26,planned,,,"Rosalio Tapia 2 , 63728 Sayulita, Mexico"
54,Puerto Vallarta,,Mexico,20.87233865688855,-105.43441447520658,5-Jan-26,5-Jan-26,planned,,,"Rosalio Tapia 2 , 63728 Sayulita, Mexico"
55,Puerto Vallarta,,Mexico,20.87233865688855,-105.43441447520658,6-Jan-26,6-Jan-26,planned,,,"Rosalio Tapia 2 , 63728 Sayulita, Mexico"
56,(Stop),,Mexico,23.6585116,-102.0077097,7-Jan-26,7-Jan-26,planned,,,Mexico
57,(Stop),,Mexico,23.6585116,-102.0077097,8-Jan-26,8-Jan-26,planned,,,Mexico
58,(Stop),,Mexico,23.6585116,-102.0077097,9-Jan-26,9-Jan-26,planned,,,Mexico
59,(Stop),,Mexico,23.6585116,-102.0077097,10-Jan-26,10-Jan-26,planned,,,Mexico
60,Tulum,,Mexico,20.205991054229898,-87.4506867141122,11-Jan-26,11-Jan-26,planned,,,"Av. Cobá Sur, Región 014, Súper manzana 001, manzana 004, Lote 001, Zama, 77760 Tulum, Mexico"
61,Tulum,,Mexico,20.205991054229898,-87.4506867141122,12-Jan-26,12-Jan-26,planned,,,"Av. Cobá Sur, Región 014, Súper manzana 001, manzana 004, Lote 001, Zama, 77760 Tulum, Mexico"
62,Tulum,,Mexico,20.205991054229898,-87.4506867141122,13-Jan-26,13-Jan-26,planned,,,"Av. Cobá Sur, Región 014, Súper manzana 001, manzana 004, Lote 001, Zama, 77760 Tulum, Mexico"
63,Tulum,,Mexico,20.205991054229898,-87.4506867141122,14-Jan-26,14-Jan-26,planned,,,"Av. Cobá Sur, Región 014, Súper manzana 001, manzana 004, Lote 001, Zama, 77760 Tulum, Mexico"
64,Tulum,,Mexico,20.205991054229898,-87.4506867141122,15-Jan-26,15-Jan-26,planned,,,"Av. Cobá Sur, Región 014, Súper manzana 001, manzana 004, Lote 001, Zama, 77760 Tulum, Mexico"
65,Tulum,,Mexico,20.205991054229898,-87.4506867141122,16-Jan-26,16-Jan-26,planned,,,"Av. Cobá Sur, Región 014, Súper manzana 001, manzana 004, Lote 001, Zama, 77760 Tulum, Mexico"
66,(Stop),,Mexico,23.6585116,-102.0077097,17-Jan-26,17-Jan-26,planned,,,Mexico
67,(Stop),,Mexico,23.6585116,-102.0077097,18-Jan-26,18-Jan-26,planned,,,Mexico
68,(Stop),,Mexico,23.6585116,-102.0077097,19-Jan-26,19-Jan-26,planned,,,Mexico
69,(Stop),,Mexico,23.6585116,-102.0077097,20-Jan-26,20-Jan-26,planned,,,Mexico
70,(Stop),,Belize,17.1204943,-88.6859028,21-Jan-26,21-Jan-26,planned,,,Belize
71,(Stop),,Belize,17.1204943,-88.6859028,22-Jan-26,22-Jan-26,planned,,,Belize
72,(Stop),,Belize,17.1204943,-88.6859028,23-Jan-26,23-Jan-26,planned,,,Belize
73,(Stop),,Belize,17.1204943,-88.6859028,24-Jan-26,24-Jan-26,planned,,,Belize
74,(Stop),,Belize,17.1204943,-88.6859028,25-Jan-26,25-Jan-26,planned,,,Belize
75,(Stop),,Belize,17.1204943,-88.6859028,26-Jan-26,26-Jan-26,planned,,,Belize
76,(Stop),,Belize,17.1204943,-88.6859028,27-Jan-26,27-Jan-26,planned,,,Belize
77,(Stop),,Belize,17.1204943,-88.6859028,28-Jan-26,28-Jan-26,planned,,,Belize
78,(Stop),,Belize,17.1204943,-88.6859028,29-Jan-26,29-Jan-26,planned,,,Belize
79,(Stop),,Belize,17.1204943,-88.6859028,30-Jan-26,30-Jan-26,planned,,,Belize
80,(Stop),,Belize,17.1204943,-88.6859028,31-Jan-26,31-Jan-26,planned,,,Belize
81,(Stop),,Belize,17.1204943,-88.6859028,1-Feb-26,1-Feb-26,planned,,,Belize
82,(Stop),,Belize,17.1204943,-88.6859028,2-Feb-26,2-Feb-26,planned,,,Belize
83,(Stop),,Belize,17.1204943,-88.6859028,3-Feb-26,3-Feb-26,planned,,,Belize
84,Carribean cruise,,Carribean,14.701249430709968,-66.90445093110056,4-Feb-26,4-Feb-26,planned,,,"14.701249430709968, -66.90445093110056, Carribean"
85,Carribean cruise,,Carribean,14.701249430709968,-66.90445093110056,5-Feb-26,5-Feb-26,planned,,,"14.701249430709968, -66.90445093110056, Carribean"
86,Carribean cruise,,Carribean,14.701249430709968,-66.90445093110056,6-Feb-26,6-Feb-26,planned,,,"14.701249430709968, -66.90445093110056, Carribean"
87,Carribean cruise,,Carribean,14.701249430709968,-66.90445093110056,7-Feb-26,7-Feb-26,planned,,,"14.701249430709968, -66.90445093110056, Carribean"
88,Carribean cruise,,Carribean,14.701249430709968,-66.90445093110056,8-Feb-26,8-Feb-26,planned,,,"14.701249430709968, -66.90445093110056, Carribean"
89,Carribean cruise,,Carribean,14.701249430709968,-66.90445093110056,9-Feb-26,9-Feb-26,planned,,,"14.701249430709968, -66.90445093110056, Carribean"
90,Carribean cruise,,Carribean,14.701249430709968,-66.90445093110056,10-Feb-26,10-Feb-26,planned,,,"14.701249430709968, -66.90445093110056, Carribean"
91,Carribean cruise,,Carribean,14.701249430709968,-66.90445093110056,11-Feb-26,11-Feb-26,planned,,,"14.701249430709968, -66.90445093110056, Carribean"
92,Carribean cruise,,Carribean,14.701249430709968,-66.90445093110056,12-Feb-26,12-Feb-26,planned,,,"14.701249430709968, -66.90445093110056, Carribean"
93,Carribean cruise,,Carribean,14.701249430709968,-66.90445093110056,13-Feb-26,13-Feb-26,planned,,,"14.701249430709968, -66.90445093110056, Carribean"
94,Carribean cruise,,Carribean,14.701249430709968,-66.90445093110056,14-Feb-26,14-Feb-26,planned,,,"14.701249430709968, -66.90445093110056, Carribean"
95,Carribean cruise,,Carribean,14.701249430709968,-66.90445093110056,15-Feb-26,15-Feb-26,planned,,,"14.701249430709968, -66.90445093110056, Carribean"
96,(Stop),,Netherlands,52.2434979,5.6343227,16-Feb-26,16-Feb-26,planned,,,Netherlands
97,(Stop),,Netherlands,52.2434979,5.6343227,17-Feb-26,17-Feb-26,planned,,,Netherlands
98,(Stop),,Netherlands,52.2434979,5.6343227,18-Feb-26,18-Feb-26,planned,,,Netherlands
99,(Stop),,Netherlands,52.2434979,5.6343227,19-Feb-26,19-Feb-26,planned,,,Netherlands
100,(Stop),,Netherlands,52.2434979,5.6343227,20-Feb-26,20-Feb-26,planned,,,Netherlands
101,(Stop),,Netherlands,52.2434979,5.6343227,21-Feb-26,21-Feb-26,planned,,,Netherlands
102,(Stop),,Netherlands,52.2434979,5.6343227,22-Feb-26,22-Feb-26,planned,,,Netherlands
103,(Stop),,Netherlands,52.2434979,5.6343227,23-Feb-26,23-Feb-26,planned,,,Netherlands
104,(Stop),,Netherlands,52.2434979,5.6343227,24-Feb-26,24-Feb-26,planned,,,Netherlands
105,(Stop),,Netherlands,52.2434979,5.6343227,25-Feb-26,25-Feb-26,planned,,,Netherlands
106,(Stop),,Netherlands,52.2434979,5.6343227,26-Feb-26,26-Feb-26,planned,,,Netherlands
107,(Stop),,Netherlands,52.2434979,5.6343227,27-Feb-26,27-Feb-26,planned,,,Netherlands
108,(Stop),,Netherlands,52.2434979,5.6343227,28-Feb-26,28-Feb-26,planned,,,Netherlands
109,(Stop),,Netherlands,52.2434979,5.6343227,1-Mar-26,1-Mar-26,planned,,,Netherlands
110,(Stop),,Netherlands,52.2434979,5.6343227,2-Mar-26,2-Mar-26,planned,,,Netherlands
111,(Stop),,Netherlands,52.2434979,5.6343227,3-Mar-26,3-Mar-26,planned,,,Netherlands
112,(Stop),,Netherlands,52.2434979,5.6343227,4-Mar-26,4-Mar-26,planned,,,Netherlands
113,(Stop),,Netherlands,52.2434979,5.6343227,5-Mar-26,5-Mar-26,planned,,,Netherlands
114,(Stop),,Netherlands,52.2434979,5.6343227,6-Mar-26,6-Mar-26,planned,,,Netherlands
115,(Stop),,Netherlands,52.2434979,5.6343227,7-Mar-26,7-Mar-26,planned,,,Netherlands
116,(Stop),,Netherlands,52.2434979,5.6343227,8-Mar-26,8-Mar-26,planned,,,Netherlands
117,(Stop),,Netherlands,52.2434979,5.6343227,9-Mar-26,9-Mar-26,planned,,,Netherlands
118,(Stop),,Netherlands,52.2434979,5.6343227,10-Mar-26,10-Mar-26,planned,,,Netherlands
119,(Stop),,Netherlands,52.2434979,5.6343227,11-Mar-26,11-Mar-26,planned,,,Netherlands
120,(Stop),,Netherlands,52.2434979,5.6343227,12-Mar-26,12-Mar-26,planned,,,Netherlands
121,(Stop),,Netherlands,52.2434979,5.6343227,13-Mar-26,13-Mar-26,planned,,,Netherlands
122,(Stop),,New Zeeland,-41.5000831,172.8344077,14-Mar-26,14-Mar-26,planned,,,New Zeeland
123,(Stop),,New Zeeland,-41.5000831,172.8344077,15-Mar-26,15-Mar-26,planned,,,New Zeeland
124,(Stop),,New Zeeland,-41.5000831,172.8344077,16-Mar-26,16-Mar-26,planned,,,New Zeeland
125,(Stop),,New Zeeland,-41.5000831,172.8344077,17-Mar-26,17-Mar-26,planned,,,New Zeeland
126,(Stop),,New Zeeland,-41.5000831,172.8344077,18-Mar-26,18-Mar-26,planned,,,New Zeeland
127,(Stop),,New Zeeland,-41.5000831,172.8344077,19-Mar-26,19-Mar-26,planned,,,New Zeeland
128,(Stop),,New Zeeland,-41.5000831,172.8344077,20-Mar-26,20-Mar-26,planned,,,New Zeeland
129,(Stop),,New Zeeland,-41.5000831,172.8344077,21-Mar-26,21-Mar-26,planned,,,New Zeeland
130,(Stop),,New Zeeland,-41.5000831,172.8344077,22-Mar-26,22-Mar-26,planned,,,New Zeeland
131,(Stop),,New Zeeland,-41.5000831,172.8344077,23-Mar-26,23-Mar-26,planned,,,New Zeeland
132,(Stop),,New Zeeland,-41.5000831,172.8344077,24-Mar-26,24-Mar-26,planned,,,New Zeeland
133,(Stop),,New Zeeland,-41.5000831,172.8344077,25-Mar-26,25-Mar-26,planned,,,New Zeeland
134,(Stop),,New Zeeland,-41.5000831,172.8344077,26-Mar-26,26-Mar-26,planned,,,New Zeeland
135,(Stop),,New Zeeland,-41.5000831,172.8344077,27-Mar-26,27-Mar-26,planned,,,New Zeeland
136,(Stop),,New Zeeland,-41.5000831,172.8344077,28-Mar-26,28-Mar-26,planned,,,New Zeeland
137,(Stop),,New Zeeland,-41.5000831,172.8344077,29-Mar-26,29-Mar-26,planned,,,New Zeeland
138,(Stop),,New Zeeland,-41.5000831,172.8344077,30-Mar-26,30-Mar-26,planned,,,New Zeeland
139,(Stop),,New Zeeland,-41.5000831,172.8344077,31-Mar-26,31-Mar-26,planned,,,New Zeeland
140,(Stop),,New Zeeland,-41.5000831,172.8344077,1-Apr-26,1-Apr-26,planned,,,New Zeeland
141,(Stop),,New Zeeland,-41.5000831,172.8344077,2-Apr-26,2-Apr-26,planned,,,New Zeeland
142,(Stop),,New Zeeland,-41.5000831,172.8344077,3-Apr-26,3-Apr-26,planned,,,New Zeeland
143,(Stop),,New Zeeland,-41.5000831,172.8344077,4-Apr-26,4-Apr-26,planned,,,New Zeeland
144,(Stop),,New Zeeland,-41.5000831,172.8344077,5-Apr-26,5-Apr-26,planned,,,New Zeeland
145,(Stop),,New Zeeland,-41.5000831,172.8344077,6-Apr-26,6-Apr-26,planned,,,New Zeeland
146,(Stop),,New Zeeland,-41.5000831,172.8344077,7-Apr-26,7-Apr-26,planned,,,New Zeeland
147,(Stop),,New Zeeland,-41.5000831,172.8344077,8-Apr-26,8-Apr-26,planned,,,New Zeeland
148,(Stop),,New Zeeland,-41.5000831,172.8344077,9-Apr-26,9-Apr-26,planned,,,New Zeeland
149,(Stop),,Australia,-24.7761086,134.7550000,10-Apr-26,10-Apr-26,planned,,,Australia
150,(Stop),,Australia,-24.7761086,134.7550000,11-Apr-26,11-Apr-26,planned,,,Australia
151,(Stop),,Australia,-24.7761086,134.7550000,12-Apr-26,12-Apr-26,planned,,,Australia
152,(Stop),,Australia,-24.7761086,134.7550000,13-Apr-26,13-Apr-26,planned,,,Australia
153,(Stop),,Australia,-24.7761086,134.7550000,14-Apr-26,14-Apr-26,planned,,,Australia
154,(Stop),,Australia,-24.7761086,134.7550000,15-Apr-26,15-Apr-26,planned,,,Australia
155,(Stop),,Australia,-24.7761086,134.7550000,16-Apr-26,16-Apr-26,planned,,,Australia
156,(Stop),,Australia,-24.7761086,134.7550000,17-Apr-26,17-Apr-26,planned,,,Australia
157,(Stop),,Australia,-24.7761086,134.7550000,18-Apr-26,18-Apr-26,planned,,,Australia
158,(Stop),,Australia,-24.7761086,134.7550000,19-Apr-26,19-Apr-26,planned,,,Australia
159,(Stop),,Australia,-24.7761086,134.7550000,20-Apr-26,20-Apr-26,planned,,,Australia
160,(Stop),,Australia,-24.7761086,134.7550000,21-Apr-26,21-Apr-26,planned,,,Australia
161,(Stop),,Australia,-24.7761086,134.7550000,22-Apr-26,22-Apr-26,planned,,,Australia
162,(Stop),,Australia,-24.7761086,134.7550000,23-Apr-26,23-Apr-26,planned,,,Australia
163,(Stop),,Australia,-24.7761086,134.7550000,24-Apr-26,24-Apr-26,planned,,,Australia
164,(Stop),,Australia,-24.7761086,134.7550000,25-Apr-26,25-Apr-26,planned,,,Australia
165,(Stop),,Australia,-24.7761086,134.7550000,26-Apr-26,26-Apr-26,planned,,,Australia
166,(Stop),,Australia,-24.7761086,134.7550000,27-Apr-26,27-Apr-26,planned,,,Australia
167,(Stop),,Australia,-24.7761086,134.7550000,28-Apr-26,28-Apr-26,planned,,,Australia
168,(Stop),,Australia,-24.7761086,134.7550000,29-Apr-26,29-Apr-26,planned,,,Australia
169,(Stop),,Australia,-24.7761086,134.7550000,30-Apr-26,30-Apr-26,planned,,,Australia
170,(Stop),,Australia,-24.7761086,134.7550000,1-May-26,1-May-26,planned,,,Australia
171,(Stop),,Australia,-24.7761086,134.7550000,2-May-26,2-May-26,planned,,,Australia
172,(Stop),,Australia,-24.7761086,134.7550000,3-May-26,3-May-26,planned,,,Australia
173,(Stop),,Australia,-24.7761086,134.7550000,4-May-26,4-May-26,planned,,,Australia
174,(Stop),,Australia,-24.7761086,134.7550000,5-May-26,5-May-26,planned,,,Australia
175,(Stop),,Australia,-24.7761086,134.7550000,6-May-26,6-May-26,planned,,,Australia
176,(Stop),,Australia,-24.7761086,134.7550000,7-May-26,7-May-26,planned,,,Australia
177,(Stop),,Australia,-24.7761086,134.7550000,8-May-26,8-May-26,planned,,,Australia
178,(Stop),,Australia,-24.7761086,134.7550000,9-May-26,9-May-26,planned,,,Australia
179,(Stop),,Australia,-24.7761086,134.7550000,10-May-26,10-May-26,planned,,,Australia
180,Fiji Cruise,,Fiji,-18.1239696,179.0122737,11-May-26,11-May-26,planned,,,Fiji
181,Fiji Cruise,,Fiji,-18.1239696,179.0122737,12-May-26,12-May-26,planned,,,Fiji
182,Fiji Cruise,,Fiji,-18.1239696,179.0122737,13-May-26,13-May-26,planned,,,Fiji
183,Fiji Cruise,,Fiji,-18.1239696,179.0122737,14-May-26,14-May-26,planned,,,Fiji
184,Fiji Cruise,,Fiji,-18.1239696,179.0122737,15-May-26,15-May-26,planned,,,Fiji
185,Fiji Cruise,,Fiji,-18.1239696,179.0122737,16-May-26,16-May-26,planned,,,Fiji
186,Fiji Cruise,,Fiji,-18.1239696,179.0122737,17-May-26,17-May-26,planned,,,Fiji
187,Fiji Cruise,,Fiji,-18.1239696,179.0122737,18-May-26,18-May-26,planned,,,Fiji
188,Fiji Cruise,,Fiji,-18.1239696,179.0122737,19-May-26,19-May-26,planned,,,Fiji
189,Fiji Cruise,,Fiji,-18.1239696,179.0122737,20-May-26,20-May-26,planned,,,Fiji
190,Fiji Cruise,,Fiji,-18.1239696,179.0122737,21-May-26,21-May-26,planned,,,Fiji
191,Fiji Cruise,,Fiji,-18.1239696,179.0122737,22-May-26,22-May-26,planned,,,Fiji
192,Fiji Cruise,,Fiji,-18.1239696,179.0122737,23-May-26,23-May-26,planned,,,Fiji
193,Fiji Cruise,,Fiji,-18.1239696,179.0122737,24-May-26,24-May-26,planned,,,Fiji
194,Fiji Cruise,,Fiji,-18.1239696,179.0122737,25-May-26,25-May-26,planned,,,Fiji
195,(Stop),,Philippines,12.7503486,122.7312101,26-May-26,26-May-26,planned,,,Philippines
196,(Stop),,Philippines,12.7503486,122.7312101,27-May-26,27-May-26,planned,,,Philippines
197,(Stop),,Philippines,12.7503486,122.7312101,28-May-26,28-May-26,planned,,,Philippines
198,(Stop),,Philippines,12.7503486,122.7312101,29-May-26,29-May-26,planned,,,Philippines
199,(Stop),,Philippines,12.7503486,122.7312101,30-May-26,30-May-26,planned,,,Philippines
200,(Stop),,Philippines,12.7503486,122.7312101,31-May-26,31-May-26,planned,,,Philippines
201,(Stop),,Philippines,12.7503486,122.7312101,1-Jun-26,1-Jun-26,planned,,,Philippines
202,(Stop),,Philippines,12.7503486,122.7312101,2-Jun-26,2-Jun-26,planned,,,Philippines
203,(Stop),,Philippines,12.7503486,122.7312101,3-Jun-26,3-Jun-26,planned,,,Philippines
204,(Stop),,Philippines,12.7503486,122.7312101,4-Jun-26,4-Jun-26,planned,,,Philippines
205,(Stop),,Philippines,12.7503486,122.7312101,5-Jun-26,5-Jun-26,planned,,,Philippines
206,(Stop),,Philippines,12.7503486,122.7312101,6-Jun-26,6-Jun-26,planned,,,Philippines
207,(Stop),,Philippines,12.7503486,122.7312101,7-Jun-26,7-Jun-26,planned,,,Philippines
208,(Stop),,Philippines,12.7503486,122.7312101,8-Jun-26,8-Jun-26,planned,,,Philippines
209,(Stop),,Philippines,12.7503486,122.7312101,9-Jun-26,9-Jun-26,planned,,,Philippines
210,(Stop),,Philippines,12.7503486,122.7312101,10-Jun-26,10-Jun-26,planned,,,Philippines
211,(Stop),,Philippines,12.7503486,122.7312101,11-Jun-26,11-Jun-26,planned,,,Philippines
212,(Stop),,Philippines,12.7503486,122.7312101,12-Jun-26,12-Jun-26,planned,,,Philippines
213,(Stop),,Philippines,12.7503486,122.7312101,13-Jun-26,13-Jun-26,planned,,,Philippines
214,(Stop),,Philippines,12.7503486,122.7312101,14-Jun-26,14-Jun-26,planned,,,Philippines
215,(Stop),,Philippines,12.7503486,122.7312101,15-Jun-26,15-Jun-26,planned,,,Philippines
216,(Stop),,Philippines,12.7503486,122.7312101,16-Jun-26,16-Jun-26,planned,,,Philippines
217,(Stop),,Philippines,12.7503486,122.7312101,17-Jun-26,17-Jun-26,planned,,,Philippines
218,(Stop),,Philippines,12.7503486,122.7312101,18-Jun-26,18-Jun-26,planned,,,Philippines
219,(Stop),,Philippines,12.7503486,122.7312101,19-Jun-26,19-Jun-26,planned,,,Philippines
220,(Stop),,Philippines,12.7503486,122.7312101,20-Jun-26,20-Jun-26,planned,,,Philippines
221,(Stop),,Philippines,12.7503486,122.7312101,21-Jun-26,21-Jun-26,planned,,,Philippines
222,(Stop),,Philippines,12.7503486,122.7312101,22-Jun-26,22-Jun-26,planned,,,Philippines
223,(Stop),,Philippines,12.7503486,122.7312101,23-Jun-26,23-Jun-26,planned,,,Philippines
224,(Stop),,Philippines,12.7503486,122.7312101,24-Jun-26,24-Jun-26,planned,,,Philippines
225,(Stop),,Philippines,12.7503486,122.7312101,25-Jun-26,25-Jun-26,planned,,,Philippines
226,(Stop),,Philippines,12.7503486,122.7312101,26-Jun-26,26-Jun-26,planned,,,Philippines
227,(Stop),,Singapore,1.3571070,103.8194992,27-Jun-26,27-Jun-26,planned,,,Singapore
228,(Stop),,Singapore,1.3571070,103.8194992,28-Jun-26,28-Jun-26,planned,,,Singapore
229,(Stop),,Singapore,1.3571070,103.8194992,29-Jun-26,29-Jun-26,planned,,,Singapore
230,(Stop),,Singapore,1.3571070,103.8194992,30-Jun-26,30-Jun-26,planned,,,Singapore
231,(Stop),,Singapore,1.3571070,103.8194992,1-Jul-26,1-Jul-26,planned,,,Singapore
232,(Stop),,Singapore,1.3571070,103.8194992,2-Jul-26,2-Jul-26,planned,,,Singapore
233,(Stop),,Singapore,1.3571070,103.8194992,3-Jul-26,3-Jul-26,planned,,,Singapore
234,(Stop),,Indonesia,-2.4833826,117.8902853,4-Jul-26,4-Jul-26,planned,,,Indonesia
235,(Stop),,Indonesia,-2.4833826,117.8902853,5-Jul-26,5-Jul-26,planned,,,Indonesia
236,(Stop),,Indonesia,-2.4833826,117.8902853,6-Jul-26,6-Jul-26,planned,,,Indonesia
237,(Stop),,Indonesia,-2.4833826,117.8902853,7-Jul-26,7-Jul-26,planned,,,Indonesia
238,(Stop),,Indonesia,-2.4833826,117.8902853,8-Jul-26,8-Jul-26,planned,,,Indonesia
239,(Stop),,Indonesia,-2.4833826,117.8902853,9-Jul-26,9-Jul-26,planned,,,Indonesia
240,(Stop),,Indonesia,-2.4833826,117.8902853,10-Jul-26,10-Jul-26,planned,,,Indonesia
241,(Stop),,Indonesia,-2.4833826,117.8902853,11-Jul-26,11-Jul-26,planned,,,Indonesia
242,(Stop),,Indonesia,-2.4833826,117.8902853,12-Jul-26,12-Jul-26,planned,,,Indonesia
243,(Stop),,Indonesia,-2.4833826,117.8902853,13-Jul-26,13-Jul-26,planned,,,Indonesia
244,(Stop),,Indonesia,-2.4833826,117.8902853,14-Jul-26,14-Jul-26,planned,,,Indonesia
245,(Stop),,Indonesia,-2.4833826,117.8902853,15-Jul-26,15-Jul-26,planned,,,Indonesia
246,(Stop),,Indonesia,-2.4833826,117.8902853,16-Jul-26,16-Jul-26,planned,,,Indonesia
247,(Stop),,Indonesia,-2.4833826,117.8902853,17-Jul-26,17-Jul-26,planned,,,Indonesia
248,(Stop),,Indonesia,-2.4833826,117.8902853,18-Jul-26,18-Jul-26,planned,,,Indonesia
249,(Stop),,Indonesia,-2.4833826,117.8902853,19-Jul-26,19-Jul-26,planned,,,Indonesia
250,(Stop),,Indonesia,-2.4833826,117.8902853,20-Jul-26,20-Jul-26,planned,,,Indonesia
251,(Stop),,Indonesia,-2.4833826,117.8902853,21-Jul-26,21-Jul-26,planned,,,Indonesia
252,(Stop),,Indonesia,-2.4833826,117.8902853,22-Jul-26,22-Jul-26,planned,,,Indonesia
253,(Stop),,Indonesia,-2.4833826,117.8902853,23-Jul-26,23-Jul-26,planned,,,Indonesia
254,(Stop),,Indonesia,-2.4833826,117.8902853,24-Jul-26,24-Jul-26,planned,,,Indonesia
255,(Stop),,Indonesia,-2.4833826,117.8902853,25-Jul-26,25-Jul-26,planned,,,Indonesia
256,(Stop),,Indonesia,-2.4833826,117.8902853,26-Jul-26,26-Jul-26,planned,,,Indonesia
257,(Stop),,Indonesia,-2.4833826,117.8902853,27-Jul-26,27-Jul-26,planned,,,Indonesia
258,(Stop),,Indonesia,-2.4833826,117.8902853,28-Jul-26,28-Jul-26,planned,,,Indonesia
259,(Stop),,Indonesia,-2.4833826,117.8902853,29-Jul-26,29-Jul-26,planned,,,Indonesia
260,(Stop),,Indonesia,-2.4833826,117.8902853,30-Jul-26,30-Jul-26,planned,,,Indonesia
261,(Stop),,Indonesia,-2.4833826,117.8902853,31-Jul-26,31-Jul-26,planned,,,Indonesia
262,(Stop),,Indonesia,-2.4833826,117.8902853,1-Aug-26,1-Aug-26,planned,,,Indonesia
263,(Stop),,Indonesia,-2.4833826,117.8902853,2-Aug-26,2-Aug-26,planned,,,Indonesia
264,(Stop),,Indonesia,-2.4833826,117.8902853,3-Aug-26,3-Aug-26,planned,,,Indonesia
265,(Stop),,Thailand,14.8971921,100.8327300,4-Aug-26,4-Aug-26,planned,,,Thailand
266,(Stop),,Thailand,14.8971921,100.8327300,5-Aug-26,5-Aug-26,planned,,,Thailand
267,(Stop),,Thailand,14.8971921,100.8327300,6-Aug-26,6-Aug-26,planned,,,Thailand
268,(Stop),,Thailand,14.8971921,100.8327300,7-Aug-26,7-Aug-26,planned,,,Thailand
269,(Stop),,Thailand,14.8971921,100.8327300,8-Aug-26,8-Aug-26,planned,,,Thailand
270,(Stop),,Thailand,14.8971921,100.8327300,9-Aug-26,9-Aug-26,planned,,,Thailand
271,(Stop),,Thailand,14.8971921,100.8327300,10-Aug-26,10-Aug-26,planned,,,Thailand
272,(Stop),,Thailand,14.8971921,100.8327300,11-Aug-26,11-Aug-26,planned,,,Thailand
273,(Stop),,Thailand,14.8971921,100.8327300,12-Aug-26,12-Aug-26,planned,,,Thailand
274,(Stop),,Thailand,14.8971921,100.8327300,13-Aug-26,13-Aug-26,planned,,,Thailand
275,(Stop),,Thailand,14.8971921,100.8327300,14-Aug-26,14-Aug-26,planned,,,Thailand
276,(Stop),,Thailand,14.8971921,100.8327300,15-Aug-26,15-Aug-26,planned,,,Thailand
277,(Stop),,Thailand,14.8971921,100.8327300,16-Aug-26,16-Aug-26,planned,,,Thailand
278,(Stop),,Thailand,14.8971921,100.8327300,17-Aug-26,17-Aug-26,planned,,,Thailand
279,(Stop),,Thailand,14.8971921,100.8327300,18-Aug-26,18-Aug-26,planned,,,Thailand
280,(Stop),,Thailand,14.8971921,100.8327300,19-Aug-26,19-Aug-26,planned,,,Thailand
281,(Stop),,Thailand,14.8971921,100.8327300,20-Aug-26,20-Aug-26,planned,,,Thailand
282,(Stop),,Thailand,14.8971921,100.8327300,21-Aug-26,21-Aug-26,planned,,,Thailand
283,(Stop),,Thailand,14.8971921,100.8327300,22-Aug-26,22-Aug-26,planned,,,Thailand
284,(Stop),,Thailand,14.8971921,100.8327300,23-Aug-26,23-Aug-26,planned,,,Thailand
285,(Stop),,Thailand,14.8971921,100.8327300,24-Aug-26,24-Aug-26,planned,,,Thailand
286,(Stop),,Thailand,14.8971921,100.8327300,25-Aug-26,25-Aug-26,planned,,,Thailand
287,(Stop),,Thailand,14.8971921,100.8327300,26-Aug-26,26-Aug-26,planned,,,Thailand
288,(Stop),,Thailand,14.8971921,100.8327300,27-Aug-26,27-Aug-26,planned,,,Thailand
289,(Stop),,Thailand,14.8971921,100.8327300,28-Aug-26,28-Aug-26,planned,,,Thailand
290,(Stop),,Thailand,14.8971921,100.8327300,29-Aug-26,29-Aug-26,planned,,,Thailand
291,(Stop),,Thailand,14.8971921,100.8327300,30-Aug-26,30-Aug-26,planned,,,Thailand
292,(Stop),,Thailand,14.8971921,100.8327300,31-Aug-26,31-Aug-26,planned,,,Thailand
293,(Stop),,,,,1-Sep-26,1-Sep-26,planned,,,
294,(Stop),,,,,2-Sep-26,2-Sep-26,planned,,,
295,(Stop),,,,,3-Sep-26,3-Sep-26,planned,,,
296,(Stop),,,,,4-Sep-26,4-Sep-26,planned,,,
297,(Stop),,,,,5-Sep-26,5-Sep-26,planned,,,
298,(Stop),,,,,6-Sep-26,6-Sep-26,planned,,,
299,(Stop),,,,,7-Sep-26,7-Sep-26,planned,,,
300,(Stop),,,,,8-Sep-26,8-Sep-26,planned,,,
301,(Stop),,,,,9-Sep-26,9-Sep-26,planned,,,
302,(Stop),,,,,10-Sep-26,10-Sep-26,planned,,,
303,(Stop),,,,,11-Sep-26,11-Sep-26,planned,,,
304,(Stop),,,,,12-Sep-26,12-Sep-26,planned,,,
305,(Stop),,,,,13-Sep-26,13-Sep-26,planned,,,
306,(Stop),,,,,14-Sep-26,14-Sep-26,planned,,,
307,(Stop),,,,,15-Sep-26,15-Sep-26,planned,,,
308,(Stop),,,,,16-Sep-26,16-Sep-26,planned,,,
309,(Stop),,,,,17-Sep-26,17-Sep-26,planned,,,
310,(Stop),,,,,18-Sep-26,18-Sep-26,planned,,,
311,(Stop),,,,,19-Sep-26,19-Sep-26,planned,,,
312,(Stop),,,,,20-Sep-26,20-Sep-26,planned,,,
313,(Stop),,,,,21-Sep-26,21-Sep-26,planned,,,
314,(Stop),,,,,22-Sep-26,22-Sep-26,planned,,,
315,(Stop),,,,,23-Sep-26,23-Sep-26,planned,,,
316,(Stop),,,,,24-Sep-26,24-Sep-26,planned,,,
317,(Stop),,,,,25-Sep-26,25-Sep-26,planned,,,
318,(Stop),,,,,26-Sep-26,26-Sep-26,planned,,,
319,(Stop),,,,,27-Sep-26,27-Sep-26,planned,,,
320,(Stop),,,,,28-Sep-26,28-Sep-26,planned,,,
321,(Stop),,,,,29-Sep-26,29-Sep-26,planned,,,
322,(Stop),,,,,30-Sep-26,30-Sep-26,planned,,,
323,(Stop),,,,,1-Oct-26,1-Oct-26,planned,,,
324,(Stop),,,,,2-Oct-26,2-Oct-26,planned,,,
325,(Stop),,,,,3-Oct-26,3-Oct-26,planned,,,
326,(Stop),,,,,4-Oct-26,4-Oct-26,planned,,,
327,(Stop),,,,,5-Oct-26,5-Oct-26,planned,,,
328,(Stop),,,,,6-Oct-26,6-Oct-26,planned,,,
329,(Stop),,,,,7-Oct-26,7-Oct-26,planned,,,
330,(Stop),,,,,8-Oct-26,8-Oct-26,planned,,,
331,(Stop),,,,,9-Oct-26,9-Oct-26,planned,,,
332,(Stop),,,,,10-Oct-26,10-Oct-26,planned,,,
333,(Stop),,,,,11-Oct-26,11-Oct-26,planned,,,
334,(Stop),,,,,12-Oct-26,12-Oct-26,planned,,,
335,(Stop),,,,,13-Oct-26,13-Oct-26,planned,,,
336,(Stop),,,,,14-Oct-26,14-Oct-26,planned,,,
337,(Stop),,,,,15-Oct-26,15-Oct-26,planned,,,
338,(Stop),,,,,16-Oct-26,16-Oct-26,planned,,,
339,(Stop),,,,,17-Oct-26,17-Oct-26,planned,,,
340,(Stop),,,,,18-Oct-26,18-Oct-26,planned,,,
341,(Stop),,,,,19-Oct-26,19-Oct-26,planned,,,
342,(Stop),,,,,20-Oct-26,20-Oct-26,planned,,,
343,(Stop),,,,,21-Oct-26,21-Oct-26,planned,,,
344,(Stop),,,,,22-Oct-26,22-Oct-26,planned,,,
345,(Stop),,,,,23-Oct-26,23-Oct-26,planned,,,
346,(Stop),,,,,24-Oct-26,24-Oct-26,planned,,,
347,(Stop),,,,,25-Oct-26,25-Oct-26,planned,,,
348,(Stop),,,,,26-Oct-26,26-Oct-26,planned,,,
349,(Stop),,,,,27-Oct-26,27-Oct-26,planned,,,
350,(Stop),,,,,28-Oct-26,28-Oct-26,planned,,,
351,(Stop),,,,,29-Oct-26,29-Oct-26,planned,,,
352,(Stop),,,,,30-Oct-26,30-Oct-26,planned,,,
353,(Stop),,,,,31-Oct-26,31-Oct-26,planned,,,