Date,Country ,Title,Accomodation,Address,location,Check Out,Check In,Cost per night,Platform,Free Cancelation,Link,Airport From ,Airport To,Flight Number,Flight Takeoff Time,Flight Landing Time,Airline,Flight link,Flight Cost pp,Activity,Activity Cost,Booked
13-Nov-25,Netherlands,Woerden,Heesen Home,Nieuwe Markt 20 Woerden,,,,0,,,,,,,,,,,,,,
14-Nov-25,Peru,Lima,Casa Andina Premium Miraflores,"Av La Paz, 463 - Miraflores, Miraflores, Lima 18 Lima, Peru","-12.12199306733713, -77.02661143965986",,14:00,127.3333333,Booking.com,6/Nov/25,https://www.booking.com/hotel/pe/casa-andina-private-collection-miraflores.en-gb.html?label=casa-andina-private-collection-miraflores-_EXfkRqOb4DwkjdaIsnMYAS388415765011%3Apl%3Ata%3Ap1%3Ap2%3Aac%3Aap%3Aneg%3Afi%3Atikwd-295621720550%3Alp9102629%3Ali%3Adec%3Adm%3Appccp%3DUmFuZG9tSVYkc2RlIyh9Yf5EcukO1MOGuvnMeIipHko&sid=59fa4e5ab4cd6088cc375f6767c67984&aid=311090,Schipol Amsterdam,"Lima, LIM - Peru",,,,KLM,,,"Miraflores & Coastline

Morning

Parque Kennedy → let the kids enjoy the playgrounds and watch the cats.

Coffee/snack at a café nearby (El Pan de la Chola is family-friendly).

Late Morning / Lunch

Walk or short taxi to Huaca Pucllana.

Explore the ruins briefly (kids love the “sandcastle” look).

Lunch at the Huaca Pucllana restaurant with views of the pyramid (high chairs available).

Afternoon

Malecón de Miraflores → stroll the cliffside path, stop at playgrounds.

End at Parque del Amor for the mosaics and sea view.

Dinner

Relaxed food at Mercado 28 (lots of choice, casual).",,yes
15-Nov-25,Peru,Lima,Casa Andina Premium Miraflores,"Av La Paz, 463 - Miraflores, Miraflores, Lima 18 Lima, Peru","-12.12199306733713, -77.02661143965986",,,127.3333333,Booking.com,6/Nov/25,https://www.booking.com/hotel/pe/casa-andina-private-collection-miraflores.en-gb.html?label=casa-andina-private-collection-miraflores-_EXfkRqOb4DwkjdaIsnMYAS388415765011%3Apl%3Ata%3Ap1%3Ap2%3Aac%3Aap%3Aneg%3Afi%3Atikwd-295621720550%3Alp9102629%3Ali%3Adec%3Adm%3Appccp%3DUmFuZG9tSVYkc2RlIyh9Yf5EcukO1MOGuvnMeIipHko&sid=59fa4e5ab4cd6088cc375f6767c67984&aid=311090,,,,,,,,,"Zoo & Magic Water Show

Morning

Taxi to Parque de las Leyendas (Lima Zoo).

See Peruvian animals: llamas, condors, jaguars, sea lions.

Pack snacks and water—there are picnic spots.

Stroller friendly but large; focus on one or two sections.

Lunch

Eat at the zoo or head back toward Miraflores for lunch/nap break.

Afternoon (Rest / Light Play)

Short rest at accommodation.

If kids still have energy: visit Parque Reducto #2 (playgrounds, mini train on weekends).

Evening

Circuito Mágico del Agua (Magic Water Circuit) in Parque de la Reserva.

Go around 6–7 PM for the light show.

Bring spare clothes for kids (some fountains are splash zones).

Safe, stroller-friendly, and magical for children.",,yes
16-Nov-25,Peru,Lima,Casa Andina Premium Miraflores,"Av La Paz, 463 - Miraflores, Miraflores, Lima 18 Lima, Peru","-12.12199306733713, -77.02661143965986",,,127.3333333,Booking.com,6/Nov/25,https://www.booking.com/hotel/pe/casa-andina-private-collection-miraflores.en-gb.html?label=casa-andina-private-collection-miraflores-_EXfkRqOb4DwkjdaIsnMYAS388415765011%3Apl%3Ata%3Ap1%3Ap2%3Aac%3Aap%3Aneg%3Afi%3Atikwd-295621720550%3Alp9102629%3Ali%3Adec%3Adm%3Appccp%3DUmFuZG9tSVYkc2RlIyh9Yf5EcukO1MOGuvnMeIipHko&sid=59fa4e5ab4cd6088cc375f6767c67984&aid=311090,,,,,,,,,"Barranco & Beach Time

Morning

Head to Barranco (bohemian district).

Walk the Puente de los Suspiros (Bridge of Sighs).

Enjoy the colorful murals.

Stop at a café with outdoor space (La Panetteria or Sofá Café).

Lunch

Family-friendly spot like Canta Rana (casual local food) or head back to Miraflores.

Afternoon

Taxi to Costa Verde beaches.

Let kids play in the sand at Playa Agua Dulce (Chorrillos) or calmer stretches.

Watch surfers and enjoy the seaside.

Dinner

Treat yourselves to fresh fish at a casual cevichería (e.g., La Red, which is family friendly).",,yes
17-Nov-25,Peru,Amazon,Ñape Lodge ,,"-12.779936037753904, -69.25776842736403",12:00,12:30,408.19,Baawaja Expeditions,,https://www.tambopatatourism.com/en/tour/jungle-experience-program-in-tambopata/,"Lima, LIM - Peru","Puerto Maldonado, PEM - Peru",,10:20,12:05,LATAM Airlines,https://www.latamairlines.com/es/en/flight-offers?origin=LIM&outbound=2025-11-17T12%3A00%3A00.000Z&destination=PEM&inbound=null&adt=1&chd=0&inf=0&trip=OW&cabin=Economy&redemption=false&sort=PRICE%2Casc,130,"
TAMBOPATA RIVER
Our adventure in the jungle begins by taking the boat heading to Ñape Lodge. We will navigate the Tambopata River for 30 minutes and become familiar with the landscapes that the Amazon rainforest has to show us. Tambopata is the main river in the Madre de Dios region and runs through the Tambopata National Reserve. All along this river is located the native community Ese Eja de Infierno who are the owners of Ñape Lodge. Tambopata is known for its lakes and clay licks, for its biodiversity and for being home to felines such as the jaguar and puma, birds such as parrots and macaws, the rodent capybara, amphibians and a diversity of reptiles. The Tambopata River is a meeting place and a source of life for the species that inhabit this ecosystem.

LUNCH

CANOPY TOWER
We will hike through the rainforest for about 30 minutes among the trails that surround our lodge until we reach the Canopy Tower. This tower has a height of 37m and will lead us to the top of the trees to admire the forest from the perspective of the birds and monkeys that inhabit it. From the top you get spectacular views of the vast extensions of the standing forest, cut by the Tambopata River that serpentines through the middle. With some luck we will see toucans, parrots or macaws flying against the horizon, or flocks of mixed species perching high above.

NIGHT WALK
It is said that in the jungle, night is the end of the day for many species, but it is the beginning of the day for many others. We will have the opportunity to experience an exciting night walk, where we will be able to observe a great diversity of insects, moths, amphibians and reptiles. It is time to turn on our flashlights and pay attention to our senses because in the jungle, everything is alive.

DINNER",,yes
18-Nov-25,Peru,Amazon,Ñape Lodge ,,"-12.779936037753904, -69.25776842736403",,,408.19,Baawaja Expeditions,,https://www.tambopatatourism.com/en/tour/jungle-experience-program-in-tambopata/,,,,,,,,,"
BREAKFAST

LAKE TRES CHIMBADAS
Early in the morning, we will board a boat upriver and enjoy the fresh air of the Amazonian dawn, until we get to the starting point of a hike through a secondary forest, which will take us to the serpent-shaped lake, better known as Tres Chimbadas. Here we will board a rowing catamaran and prepare our senses to enjoy what this beautiful place has to offer. We will be able to see monkeys, birds, black caimans, and the famous river otter that dominates this habitat.

PARROT CLAY LICK
The clay licks or Collpas are large walls of clay rich in minerals and especially in sodium. They are found along the rivers. This is the favorite place of many parrots and macaws of Tambopata, who come every morning for their supply of minerals and to socialize. We will navigate by boat to a parrot clay lick, make ourselves comfortable and wait patiently for the show. This is a great opportunity to appreciate these beautiful birds, their variety of color and behavior.

LEARN ABOUT THE TECHNIQUES OF CASERÍA (BOW AND ARROW SHOOTING)
In the afternoon we head to the Hunter’s Hut. Our guide will give us an overview and teach us some of the traditional hunting techniques practiced by the Ese Eja natives. Using the bow and a variety of arrows, each one designed for different purposes (large animals, small animals and fish), we will learn about the importance and accuracy of each detail in the elaboration and use of these tools. At the end, we will make a fun but safe archery practice with bow and arrow towards a bull and we will test our aim.

LUNCH

ETHNOBOTANICAL GARDEN
The Ñape Ethnobotanical Garden is a community organization responsible for keeping alive and disseminating ancestral knowledge about the power of plants and their healing effects. In this place, natural medicines are produced from the plants of the rainforest. We will take a walk along a trail where we can find some of the most important plants such as the chacruna and ayahuasca in their natural habitat and we can taste a natural medicine made from the bark and leaves of the trees macerated in sugar cane alcohol. We will learn about the history of the Ñape Garden and the healers and shamans responsible for its maintenance.

SEARCH FOR CAIMANS
At dusk, we will embark on an adventure, riding the boat and guided by its powerful light, in search of the nocturnal life of the rainforest. Here, the nocturnal creatures adapted to the dark are very active and come out to hunt along the Tambopata River. Caimans wait patiently for their prey along the riverbanks. We may also see capybaras or deer, as they are animals that usually hang around the river, and maybe with a lot of luck, a puma or jaguar.

DINNER",,
19-Nov-25,Peru,Amazon,Ñape Lodge ,,"-12.779936037753904, -69.25776842736403",,,408.19,Baawaja Expeditions,,https://www.tambopatatourism.com/en/tour/jungle-experience-program-in-tambopata/,,,,,,,,,"
BREAKFAST

MAMMAL CLAY LICK
Here we hike for two hours through forest trails until we reach the mammal clay lick. This place attracts visitors such as birds, deer, monkeys, and other mammals that come to feed and get the minerals they need for their nutritional balance.

LUNCH

BOAT RIDE AND SUNSET
Sailing the Tambopata River is a great experience in itself, but watching the sunset on the Tambopata River is an unforgettable spectacle. We will embark our boat upriver in search of capybaras, caimans or if we are fortunate, a jaguar on the prowl. One of the best gifts Tambopata can offer us is this beautiful colorful watercolor. Enjoy!

DINNER",,
20-Nov-25,Peru,Amazon,Ñape Lodge ,,"-12.779936037753904, -69.25776842736403",,,408.19,Baawaja Expeditions,,https://www.tambopatatourism.com/en/tour/jungle-experience-program-in-tambopata/,,,,,,,,,"
BREAKFAST

ESE EJA MASTER HIKE
The longest hike we will do takes approximately three hours. We will dive into the dense virgin forest, getting to observe giant trees with over 400 years old. In the deepest part of the reserve we will get to Cocococha Lake and walk through its surroundings, looking carefully to find the black caiman in the swampy area, or the anaconda resting on the shore of the lake. The monkeys, eating the fruits of the palm trees and the macaws flying in pairs watching us from above. Our guide shows us the monkeys and gives us insights about the different species in a very entertaining conversation. An ideal tour for adventure and trekking lovers.",,
21-Nov-25,Peru,Ollantaytambo,Casa de La Chola,"Carretera Urubamba - Ollantaytambo km 81, Ollantaytambo, Peru","-13.276070477148247, -72.21195880917031",10:00,12:00,54,Booking.com,6/Aug/25,https://www.booking.com/hotel/pe/casa-de-la-chola.en-gb.html?label=casa-de-la-chola-A062I4clA3MFVKfuotkwUwS442452167205%3Apl%3Ata%3Ap1%3Ap2%3Aac%3Aap%3Aneg%3Afi%3Atikwd-85745196810%3Alp9102629%3Ali%3Adec%3Adm%3Appccp%3DUmFuZG9tSVYkc2RlIyh9YV19IumoQ3O51m4Ge68sOW8&sid=85fd4b15e38e88a271e8074699893b5f&aid=311984,"Puerto Maldonado, PEM - Peru","Cusco, CUZ - Peru",,13:35,14:20,LATAM Airlines,https://www.latamairlines.com/es/en/flight-offers?origin=PEM&outbound=2025-11-21T11%3A00%3A00.000Z&destination=CUZ&adt=1&chd=0&inf=0&trip=OW&cabin=Economy&redemption=false&sort=RECOMMENDED&exp_id=576f07c8-920f-4c2f-8ac7-584041d72215,65,"
BREAKFAST

RETURN
After breakfast, we will say goodbye to the jungle and head back to the city of Puerto Maldonado. Before heading to the airport, we will stop by our office to pick up our bags or any additional assistance you may need. This day marks the end of your exciting jungle adventure, taking with you unforgettable memories and enriching experiences.",,
22-Nov-25,Peru,Ollantaytambo,Casa de La Chola,"Carretera Urubamba - Ollantaytambo km 81, Ollantaytambo, Peru","-13.276070477148247, -72.21195880917031",,,54,Booking.com,6/Aug/25,https://www.booking.com/hotel/pe/casa-de-la-chola.en-gb.html?label=casa-de-la-chola-A062I4clA3MFVKfuotkwUwS442452167205%3Apl%3Ata%3Ap1%3Ap2%3Aac%3Aap%3Aneg%3Afi%3Atikwd-85745196810%3Alp9102629%3Ali%3Adec%3Adm%3Appccp%3DUmFuZG9tSVYkc2RlIyh9YV19IumoQ3O51m4Ge68sOW8&sid=85fd4b15e38e88a271e8074699893b5f&aid=311984,,,,,,,,,El Albergue Farm,,
23-Nov-25,Peru,Ollantaytambo,Casa de La Chola,"Carretera Urubamba - Ollantaytambo km 81, Ollantaytambo, Peru","-13.276070477148247, -72.21195880917031",,,54,Booking.com,6/Aug/25,https://www.booking.com/hotel/pe/casa-de-la-chola.en-gb.html?label=casa-de-la-chola-A062I4clA3MFVKfuotkwUwS442452167205%3Apl%3Ata%3Ap1%3Ap2%3Aac%3Aap%3Aneg%3Afi%3Atikwd-85745196810%3Alp9102629%3Ali%3Adec%3Adm%3Appccp%3DUmFuZG9tSVYkc2RlIyh9YV19IumoQ3O51m4Ge68sOW8&sid=85fd4b15e38e88a271e8074699893b5f&aid=311984,,,,,,,,,Machu Picchu,,
24-Nov-25,Peru,Ollantaytambo,Casa de La Chola,"Carretera Urubamba - Ollantaytambo km 81, Ollantaytambo, Peru","-13.276070477148247, -72.21195880917031",10:00,1:00 PM,54,Booking.com,6/Aug/25,https://www.booking.com/hotel/pe/casa-de-la-chola.en-gb.html?label=casa-de-la-chola-A062I4clA3MFVKfuotkwUwS442452167205%3Apl%3Ata%3Ap1%3Ap2%3Aac%3Aap%3Aneg%3Afi%3Atikwd-85745196810%3Alp9102629%3Ali%3Adec%3Adm%3Appccp%3DUmFuZG9tSVYkc2RlIyh9YV19IumoQ3O51m4Ge68sOW8&sid=85fd4b15e38e88a271e8074699893b5f&aid=311984,,,,,,,,,https://www.awamaki.org/pages/contact?contact_posted=true#contact_form,,
25-Nov-25,Peru,Lama farm,Mountain View Experiance,,"-13.322787296757596, -72.14495829758252",,,167.76,Mountain Experiances,,https://mountainviewexperience.pe/en/experiencias/,,,,,,,,,,,
26-Nov-25,Peru,Lama farm,Mountain View Experiance,,"-13.322787296757596, -72.14495829758252",,,167.76,Mountain Experiances,,https://mountainviewexperience.pe/en/experiencias/,,,,,,,,,Picnic and Paint,,
27-Nov-25,Peru,Lama farm,Mountain View Experiance,,"-13.322787296757596, -72.14495829758252",,,167.76,Mountain Experiances,,https://mountainviewexperience.pe/en/experiencias/,,,,,,,,,,,
28-Nov-25,Peru,Cusco,Tariq Boutique,"Calle Tandapata 172, Cusco City Centre, Cusco, Peru","-13.513742922227808, -71.9748936963098",10:00,14:00,80.33333333,Booking.com,26/Nov/25,https://www.booking.com/hotel/pe/tariq-butique.en-gb.html?label=tariq-butique-h6mVLwXEUU_lbN_IW7Dg8AS466259190919%3Apl%3Ata%3Ap1%3Ap2%3Aac%3Aap%3Aneg%3Afi%3Atikwd-829729401759%3Alp9102629%3Ali%3Adec%3Adm%3Appccp%3DUmFuZG9tSVYkc2RlIyh9YboIMJYQAPicrzwdxpGM5o8&sid=9dc9b38ea9bc6d0af6fa6188bbce4013&aid=311984,,,,,,,,,,,
29-Nov-25,Peru,Cusco,Tariq Boutique,"Calle Tandapata 172, Cusco City Centre, Cusco, Peru","-13.513742922227808, -71.9748936963098",,,80.33333333,Booking.com,26/Nov/25,https://www.booking.com/hotel/pe/tariq-butique.en-gb.html?label=tariq-butique-h6mVLwXEUU_lbN_IW7Dg8AS466259190919%3Apl%3Ata%3Ap1%3Ap2%3Aac%3Aap%3Aneg%3Afi%3Atikwd-829729401759%3Alp9102629%3Ali%3Adec%3Adm%3Appccp%3DUmFuZG9tSVYkc2RlIyh9YboIMJYQAPicrzwdxpGM5o8&sid=9dc9b38ea9bc6d0af6fa6188bbce4013&aid=311984,,,,,,,,,https://planetariumcusco.com/,,
30-Nov-25,Peru,Cusco,Tariq Boutique,"Calle Tandapata 172, Cusco City Centre, Cusco, Peru","-13.513742922227808, -71.9748936963098",,,80.33333333,Booking.com,26/Nov/25,https://www.booking.com/hotel/pe/tariq-butique.en-gb.html?label=tariq-butique-h6mVLwXEUU_lbN_IW7Dg8AS466259190919%3Apl%3Ata%3Ap1%3Ap2%3Aac%3Aap%3Aneg%3Afi%3Atikwd-829729401759%3Alp9102629%3Ali%3Adec%3Adm%3Appccp%3DUmFuZG9tSVYkc2RlIyh9YboIMJYQAPicrzwdxpGM5o8&sid=9dc9b38ea9bc6d0af6fa6188bbce4013&aid=311984,,,,,,,,,,,
1-Dec-25,Costa Rica,Venando,La casa del Artesano,"Venado Hills, Santa Cruz, Costa Rica","10.330631534886663, -85.72146753914419",10:00,15:00,89.33333333,Booking.com,29/Nov/25,https://www.booking.com/hotel/cr/la-casa-del-artesano-casa-completa-frente-al-mar.en-gb.html?label=gen173nr-1FCCsoggI46AdICVgEaKkBiAEBmAEJuAEHyAEM2AEB6AEB-AEDiAIBqAIDuALgt-LDBsACAdICJDU4MTczODQyLWIyNzAtNDU1MS1hNWRjLTc4ZGE4MWRjZTc3MNgCBeACAQ&sid=b763fb36764d5cd0e36225c82d13f70b&aid=304142,"Cusco, CUZ - Peru","San Jose (CR), SJO - Costa Rica",,7:34,3:35,LATAM Airlines,https://www.latamairlines.com/es/en/flight-offers?origin=CUZ&outbound=2025-12-01T12%3A00%3A00.000Z&destination=SJO&inbound=null&adt=1&chd=0&inf=0&trip=OW&cabin=Economy&redemption=false&sort=RECOMMENDED,375.16,,,
2-Dec-25,Costa Rica,Venando,La casa del Artesano,"Venado Hills, Santa Cruz, Costa Rica","10.330631534886663, -85.72146753914419",,,89.33333333,Booking.com,29/Nov/25,https://www.booking.com/hotel/cr/la-casa-del-artesano-casa-completa-frente-al-mar.en-gb.html?label=gen173nr-1FCCsoggI46AdICVgEaKkBiAEBmAEJuAEHyAEM2AEB6AEB-AEDiAIBqAIDuALgt-LDBsACAdICJDU4MTczODQyLWIyNzAtNDU1MS1hNWRjLTc4ZGE4MWRjZTc3MNgCBeACAQ&sid=b763fb36764d5cd0e36225c82d13f70b&aid=304142,,,,,,,,,,,
3-Dec-25,Costa Rica,Venando,La casa del Artesano,"Venado Hills, Santa Cruz, Costa Rica","10.330631534886663, -85.72146753914419",,,89.33333333,Booking.com,29/Nov/25,https://www.booking.com/hotel/cr/la-casa-del-artesano-casa-completa-frente-al-mar.en-gb.html?label=gen173nr-1FCCsoggI46AdICVgEaKkBiAEBmAEJuAEHyAEM2AEB6AEB-AEDiAIBqAIDuALgt-LDBsACAdICJDU4MTczODQyLWIyNzAtNDU1MS1hNWRjLTc4ZGE4MWRjZTc3MNgCBeACAQ&sid=b763fb36764d5cd0e36225c82d13f70b&aid=304142,,,,,,,,,,,
4-Dec-25,Costa Rica,Venando,La casa del Artesano,"Venado Hills, Santa Cruz, Costa Rica","10.330631534886663, -85.72146753914419",,,89.33333333,Booking.com,29/Nov/25,https://www.booking.com/hotel/cr/la-casa-del-artesano-casa-completa-frente-al-mar.en-gb.html?label=gen173nr-1FCCsoggI46AdICVgEaKkBiAEBmAEJuAEHyAEM2AEB6AEB-AEDiAIBqAIDuALgt-LDBsACAdICJDU4MTczODQyLWIyNzAtNDU1MS1hNWRjLTc4ZGE4MWRjZTc3MNgCBeACAQ&sid=b763fb36764d5cd0e36225c82d13f70b&aid=304142,,,,,,,,,,,
5-Dec-25,Costa Rica,Venando,La casa del Artesano,"Venado Hills, Santa Cruz, Costa Rica","10.330631534886663, -85.72146753914419",,,89.33333333,Booking.com,29/Nov/25,https://www.booking.com/hotel/cr/la-casa-del-artesano-casa-completa-frente-al-mar.en-gb.html?label=gen173nr-1FCCsoggI46AdICVgEaKkBiAEBmAEJuAEHyAEM2AEB6AEB-AEDiAIBqAIDuALgt-LDBsACAdICJDU4MTczODQyLWIyNzAtNDU1MS1hNWRjLTc4ZGE4MWRjZTc3MNgCBeACAQ&sid=b763fb36764d5cd0e36225c82d13f70b&aid=304142,,,,,,,,,,,
6-Dec-25,Costa Rica,Venando,La casa del Artesano,"Venado Hills, Santa Cruz, Costa Rica","10.330631534886663, -85.72146753914419",,,89.33333333,Booking.com,29/Nov/25,https://www.booking.com/hotel/cr/la-casa-del-artesano-casa-completa-frente-al-mar.en-gb.html?label=gen173nr-1FCCsoggI46AdICVgEaKkBiAEBmAEJuAEHyAEM2AEB6AEB-AEDiAIBqAIDuALgt-LDBsACAdICJDU4MTczODQyLWIyNzAtNDU1MS1hNWRjLTc4ZGE4MWRjZTc3MNgCBeACAQ&sid=b763fb36764d5cd0e36225c82d13f70b&aid=304142,,,,,,,,,,,
7-Dec-25,Costa Rica,Venando,La casa del Artesano,"Venado Hills, Santa Cruz, Costa Rica","10.330631534886663, -85.72146753914419",,,89.33333333,Booking.com,29/Nov/25,https://www.booking.com/hotel/cr/la-casa-del-artesano-casa-completa-frente-al-mar.en-gb.html?label=gen173nr-1FCCsoggI46AdICVgEaKkBiAEBmAEJuAEHyAEM2AEB6AEB-AEDiAIBqAIDuALgt-LDBsACAdICJDU4MTczODQyLWIyNzAtNDU1MS1hNWRjLTc4ZGE4MWRjZTc3MNgCBeACAQ&sid=b763fb36764d5cd0e36225c82d13f70b&aid=304142,,,,,,,,,,,
8-Dec-25,Costa Rica,Venando,La casa del Artesano,"Venado Hills, Santa Cruz, Costa Rica","10.330631534886663, -85.72146753914419",,,89.33333333,Booking.com,29/Nov/25,https://www.booking.com/hotel/cr/la-casa-del-artesano-casa-completa-frente-al-mar.en-gb.html?label=gen173nr-1FCCsoggI46AdICVgEaKkBiAEBmAEJuAEHyAEM2AEB6AEB-AEDiAIBqAIDuALgt-LDBsACAdICJDU4MTczODQyLWIyNzAtNDU1MS1hNWRjLTc4ZGE4MWRjZTc3MNgCBeACAQ&sid=b763fb36764d5cd0e36225c82d13f70b&aid=304142,,,,,,,,,,,
9-Dec-25,Costa Rica,Venando,La casa del Artesano,"Venado Hills, Santa Cruz, Costa Rica","10.330631534886663, -85.72146753914419",,,89.33333333,Booking.com,29/Nov/25,https://www.booking.com/hotel/cr/la-casa-del-artesano-casa-completa-frente-al-mar.en-gb.html?label=gen173nr-1FCCsoggI46AdICVgEaKkBiAEBmAEJuAEHyAEM2AEB6AEB-AEDiAIBqAIDuALgt-LDBsACAdICJDU4MTczODQyLWIyNzAtNDU1MS1hNWRjLTc4ZGE4MWRjZTc3MNgCBeACAQ&sid=b763fb36764d5cd0e36225c82d13f70b&aid=304142,,,,,,,,,,,
10-Dec-25,Costa Rica,Manzanillo,Manala Hotel,"800 metros norte de la cancha de futbol de Santa Teresa, 60111 Santa Teresa Beach, Costa Rica","9.642288944738846, -85.16653455454265",12:00,14:00,146.5,Booking.com,10-Oct-25,,,,,,,,,,,,
11-Dec-25,Costa Rica,Manzanillo,Manala Hotel,"800 metros norte de la cancha de futbol de Santa Teresa, 60111 Santa Teresa Beach, Costa Rica","9.642288944738846, -85.16653455454265",,,146.5,Booking.com,10-Oct-25,,,,,,,,,,,,
12-Dec-25,Costa Rica,Manzanillo,Manala Hotel,"800 metros norte de la cancha de futbol de Santa Teresa, 60111 Santa Teresa Beach, Costa Rica","9.642288944738846, -85.16653455454265",,,146.5,Booking.com,10-Oct-25,,,,,,,,,,,,
13-Dec-25,Costa Rica,Manzanillo,Manala Hotel,"800 metros norte de la cancha de futbol de Santa Teresa, 60111 Santa Teresa Beach, Costa Rica","9.642288944738846, -85.16653455454265",,,146.5,Booking.com,10-Oct-25,,,,,,,,,,,,
14-Dec-25,Costa Rica,Col del Toro,Recreo Verde Hot Springs & Spa,"Alajuela, San Carlos, 2 km Sureste de la Escuela de Masella, Venecia, 11000 Marsella, Costa Rica","10.350979677891791, -84.27300601106352",11:00,14:00,90.85714286,Booking.com,10-Dec-25,,,,,,,,,,,,
15-Dec-25,Costa Rica,Col del Toro,Recreo Verde Hot Springs & Spa,"Alajuela, San Carlos, 2 km Sureste de la Escuela de Masella, Venecia, 11000 Marsella, Costa Rica","10.350979677891791, -84.27300601106352",,,90.85714286,Booking.com,10-Dec-25,,,,,,,,,,,,
16-Dec-25,Costa Rica,Col del Toro,Recreo Verde Hot Springs & Spa,"Alajuela, San Carlos, 2 km Sureste de la Escuela de Masella, Venecia, 11000 Marsella, Costa Rica","10.350979677891791, -84.27300601106352",,,90.85714286,Booking.com,10-Dec-25,,,,,,,,,,,,
17-Dec-25,Costa Rica,Col del Toro,Recreo Verde Hot Springs & Spa,"Alajuela, San Carlos, 2 km Sureste de la Escuela de Masella, Venecia, 11000 Marsella, Costa Rica","10.350979677891791, -84.27300601106352",,,90.85714286,Booking.com,10-Dec-25,,,,,,,,,,,,
18-Dec-25,Costa Rica,Col del Toro,Recreo Verde Hot Springs & Spa,"Alajuela, San Carlos, 2 km Sureste de la Escuela de Masella, Venecia, 11000 Marsella, Costa Rica","10.350979677891791, -84.27300601106352",,,90.85714286,Booking.com,10-Dec-25,,,,,,,,,,,,
19-Dec-25,Costa Rica,Col del Toro,Recreo Verde Hot Springs & Spa,"Alajuela, San Carlos, 2 km Sureste de la Escuela de Masella, Venecia, 11000 Marsella, Costa Rica","10.350979677891791, -84.27300601106352",,,90.85714286,Booking.com,10-Dec-25,,,,,,,,,,,,
20-Dec-25,Costa Rica,Col del Toro,Recreo Verde Hot Springs & Spa,"Alajuela, San Carlos, 2 km Sureste de la Escuela de Masella, Venecia, 11000 Marsella, Costa Rica","10.350979677891791, -84.27300601106352",,,90.85714286,Booking.com,10-Dec-25,,,,,,,,,,,,
21-Dec-25,Costa Rica,Pejibaye District,Canavida Villas & Resort,"Calle la Union 300m North of Selva Armonia, 60504 Uvita, Costa Rica","9.152652714212746, -83.70629080604962",12:00,15:00,125.8571429,Booking.com,13-Dec-25,,,,,,,,,,,,
22-Dec-25,Costa Rica,Pejibaye District,Canavida Villas & Resort,"Calle la Union 300m North of Selva Armonia, 60504 Uvita, Costa Rica","9.152652714212746, -83.70629080604962",,,125.8571429,Booking.com,13-Dec-25,,,,,,,,,,,,
23-Dec-25,Costa Rica,Pejibaye District,Canavida Villas & Resort,"Calle la Union 300m North of Selva Armonia, 60504 Uvita, Costa Rica","9.152652714212746, -83.70629080604962",,,125.8571429,Booking.com,13-Dec-25,,,,,,,,,,,,
24-Dec-25,Costa Rica,Pejibaye District,Canavida Villas & Resort,"Calle la Union 300m North of Selva Armonia, 60504 Uvita, Costa Rica","9.152652714212746, -83.70629080604962",,,125.8571429,Booking.com,13-Dec-25,,,,,,,,,,,,
25-Dec-25,Costa Rica,Pejibaye District,Canavida Villas & Resort,"Calle la Union 300m North of Selva Armonia, 60504 Uvita, Costa Rica","9.152652714212746, -83.70629080604962",,,125.8571429,Booking.com,13-Dec-25,,,,,,,,,,,,
26-Dec-25,Costa Rica,Pejibaye District,Canavida Villas & Resort,"Calle la Union 300m North of Selva Armonia, 60504 Uvita, Costa Rica","9.152652714212746, -83.70629080604962",,,125.8571429,Booking.com,13-Dec-25,,,,,,,,,,,,
27-Dec-25,Costa Rica,Pejibaye District,Canavida Villas & Resort,"Calle la Union 300m North of Selva Armonia, 60504 Uvita, Costa Rica","9.152652714212746, -83.70629080604962",,,125.8571429,Booking.com,13-Dec-25,,,,,,,,,,,,
28-Dec-25,Mexico,Mexico City,Nowness,"172 Calle Querétaro, 06760 Mexico City, Mexico","19.414188744273595, -99.16232821941087",11:00,16:00 - 23:30,178.48,Booking.com,25/Dec/25,https://www.booking.com/hotel/mx/nowness.en-gb.html?label=gen173nr-10CAEoggI46AdIM1gEaKkBiAEBmAEzuAEHyAEM2AED6AEB-AEBiAIBqAIBuAK_puDFBsACAdICJDc1ODEzNzljLTEwODktNDcyMS05OGVkLTVmNzlkMzZhNmNkZNgCAeACAQ&sid=85fd4b15e38e88a271e8074699893b5f&aid=304142,,,,,,,,,,,
29-Dec-25,Mexico,Mexico City,Nowness,"172 Calle Querétaro, 06760 Mexico City, Mexico","19.414188744273595, -99.16232821941087",,,178.48,Booking.com,25/Dec/25,https://www.booking.com/hotel/mx/nowness.en-gb.html?label=gen173nr-10CAEoggI46AdIM1gEaKkBiAEBmAEzuAEHyAEM2AED6AEB-AEBiAIBqAIBuAK_puDFBsACAdICJDc1ODEzNzljLTEwODktNDcyMS05OGVkLTVmNzlkMzZhNmNkZNgCAeACAQ&sid=85fd4b15e38e88a271e8074699893b5f&aid=304142,,,,,,,,,,,
30-Dec-25,Mexico,Puerto Vallarta,Amari Sayulita Boutique Hotel,"Rosalio Tapia 2 , 63728 Sayulita, Mexico","20.87233865688855, -105.43441447520658",00:00 - 10:00,15:00,207.75,Booking.com,29/Nov/25,https://www.booking.com/hotel/mx/amari-sayulita-boutique.en-gb.html?label=gen173nr-10CAEoggI46AdIM1gEaKkBiAEBmAEzuAEHyAEM2AED6AEB-AEBiAIBqAIBuAK_puDFBsACAdICJDc1ODEzNzljLTEwODktNDcyMS05OGVkLTVmNzlkMzZhNmNkZNgCAeACAQ&sid=85fd4b15e38e88a271e8074699893b5f&aid=304142,,,,,,,,,,,
31-Dec-25,Mexico,Puerto Vallarta,Amari Sayulita Boutique Hotel,"Rosalio Tapia 2 , 63728 Sayulita, Mexico","20.87233865688855, -105.43441447520658",,,207.75,Booking.com,29/Nov/25,https://www.booking.com/hotel/mx/amari-sayulita-boutique.en-gb.html?label=gen173nr-10CAEoggI46AdIM1gEaKkBiAEBmAEzuAEHyAEM2AED6AEB-AEBiAIBqAIBuAK_puDFBsACAdICJDc1ODEzNzljLTEwODktNDcyMS05OGVkLTVmNzlkMzZhNmNkZNgCAeACAQ&sid=85fd4b15e38e88a271e8074699893b5f&aid=304142,,,,,,,,,,,
1-Jan-26,Mexico,Puerto Vallarta,Amari Sayulita Boutique Hotel,"Rosalio Tapia 2 , 63728 Sayulita, Mexico","20.87233865688855, -105.43441447520658",,,207.75,Booking.com,29/Nov/25,https://www.booking.com/hotel/mx/amari-sayulita-boutique.en-gb.html?label=gen173nr-10CAEoggI46AdIM1gEaKkBiAEBmAEzuAEHyAEM2AED6AEB-AEBiAIBqAIBuAK_puDFBsACAdICJDc1ODEzNzljLTEwODktNDcyMS05OGVkLTVmNzlkMzZhNmNkZNgCAeACAQ&sid=85fd4b15e38e88a271e8074699893b5f&aid=304142,,,,,,,,,,,
2-Jan-26,Mexico,Puerto Vallarta,Amari Sayulita Boutique Hotel,"Rosalio Tapia 2 , 63728 Sayulita, Mexico","20.87233865688855, -105.43441447520658",,,207.75,Booking.com,29/Nov/25,https://www.booking.com/hotel/mx/amari-sayulita-boutique.en-gb.html?label=gen173nr-10CAEoggI46AdIM1gEaKkBiAEBmAEzuAEHyAEM2AED6AEB-AEBiAIBqAIBuAK_puDFBsACAdICJDc1ODEzNzljLTEwODktNDcyMS05OGVkLTVmNzlkMzZhNmNkZNgCAeACAQ&sid=85fd4b15e38e88a271e8074699893b5f&aid=304142,,,,,,,,,,,
3-Jan-26,Mexico,Puerto Vallarta,Amari Sayulita Boutique Hotel,"Rosalio Tapia 2 , 63728 Sayulita, Mexico","20.87233865688855, -105.43441447520658",,,207.75,Booking.com,29/Nov/25,https://www.booking.com/hotel/mx/amari-sayulita-boutique.en-gb.html?label=gen173nr-10CAEoggI46AdIM1gEaKkBiAEBmAEzuAEHyAEM2AED6AEB-AEBiAIBqAIBuAK_puDFBsACAdICJDc1ODEzNzljLTEwODktNDcyMS05OGVkLTVmNzlkMzZhNmNkZNgCAeACAQ&sid=85fd4b15e38e88a271e8074699893b5f&aid=304142,,,,,,,,,,,
4-Jan-26,Mexico,Puerto Vallarta,Amari Sayulita Boutique Hotel,"Rosalio Tapia 2 , 63728 Sayulita, Mexico","20.87233865688855, -105.43441447520658",,,207.75,Booking.com,29/Nov/25,https://www.booking.com/hotel/mx/amari-sayulita-boutique.en-gb.html?label=gen173nr-10CAEoggI46AdIM1gEaKkBiAEBmAEzuAEHyAEM2AED6AEB-AEBiAIBqAIBuAK_puDFBsACAdICJDc1ODEzNzljLTEwODktNDcyMS05OGVkLTVmNzlkMzZhNmNkZNgCAeACAQ&sid=85fd4b15e38e88a271e8074699893b5f&aid=304142,,,,,,,,,,,
5-Jan-26,Mexico,Puerto Vallarta,Amari Sayulita Boutique Hotel,"Rosalio Tapia 2 , 63728 Sayulita, Mexico","20.87233865688855, -105.43441447520658",,,207.75,Booking.com,29/Nov/25,https://www.booking.com/hotel/mx/amari-sayulita-boutique.en-gb.html?label=gen173nr-10CAEoggI46AdIM1gEaKkBiAEBmAEzuAEHyAEM2AED6AEB-AEBiAIBqAIBuAK_puDFBsACAdICJDc1ODEzNzljLTEwODktNDcyMS05OGVkLTVmNzlkMzZhNmNkZNgCAeACAQ&sid=85fd4b15e38e88a271e8074699893b5f&aid=304142,,,,,,,,,,,
6-Jan-26,Mexico,Puerto Vallarta,Amari Sayulita Boutique Hotel,"Rosalio Tapia 2 , 63728 Sayulita, Mexico","20.87233865688855, -105.43441447520658",11:00,,207.75,Booking.com,29/Nov/25,https://www.booking.com/hotel/mx/amari-sayulita-boutique.en-gb.html?label=gen173nr-10CAEoggI46AdIM1gEaKkBiAEBmAEzuAEHyAEM2AED6AEB-AEBiAIBqAIBuAK_puDFBsACAdICJDc1ODEzNzljLTEwODktNDcyMS05OGVkLTVmNzlkMzZhNmNkZNgCAeACAQ&sid=85fd4b15e38e88a271e8074699893b5f&aid=304142,,,,,,,,,,,
7-Jan-26,Mexico,,,,,,,,,,,,,,,,,,,,,
8-Jan-26,Mexico,,,,,,,,,,,,,,,,,,,,,
9-Jan-26,Mexico,,,,,,,,,,,,,,,,,,,,,
10-Jan-26,Mexico,,,,,,,,,,,,,,,,,,,,,
11-Jan-26,Mexico,Tulum,Naala Tulum,"Av. Cobá Sur, Región 014, Súper manzana 001, manzana 004, Lote 001, Zama, 77760 Tulum, Mexico","20.205991054229898, -87.4506867141122",,15:00,,Booking.com,03/Jan/26,https://www.booking.com/hotel/mx/naala-tulum.en-gb.html?label=gen173nr-1FCCsoggI46AdICVgEaKkBiAEBmAEJuAEHyAEM2AEB6AEB-AEDiAIBqAIDuALgt-LDBsACAdICJDU4MTczODQyLWIyNzAtNDU1MS1hNWRjLTc4ZGE4MWRjZTc3MNgCBeACAQ&sid=b763fb36764d5cd0e36225c82d13f70b&aid=304142,,,,,,,,,,,
12-Jan-26,Mexico,Tulum,Naala Tulum,"Av. Cobá Sur, Región 014, Súper manzana 001, manzana 004, Lote 001, Zama, 77760 Tulum, Mexico","20.205991054229898, -87.4506867141122",,,,Booking.com,03/Jan/26,https://www.booking.com/hotel/mx/naala-tulum.en-gb.html?label=gen173nr-1FCCsoggI46AdICVgEaKkBiAEBmAEJuAEHyAEM2AEB6AEB-AEDiAIBqAIDuALgt-LDBsACAdICJDU4MTczODQyLWIyNzAtNDU1MS1hNWRjLTc4ZGE4MWRjZTc3MNgCBeACAQ&sid=b763fb36764d5cd0e36225c82d13f70b&aid=304142,,,,,,,,,,,
13-Jan-26,Mexico,Tulum,Naala Tulum,"Av. Cobá Sur, Región 014, Súper manzana 001, manzana 004, Lote 001, Zama, 77760 Tulum, Mexico","20.205991054229898, -87.4506867141122",,,,Booking.com,03/Jan/26,https://www.booking.com/hotel/mx/naala-tulum.en-gb.html?label=gen173nr-1FCCsoggI46AdICVgEaKkBiAEBmAEJuAEHyAEM2AEB6AEB-AEDiAIBqAIDuALgt-LDBsACAdICJDU4MTczODQyLWIyNzAtNDU1MS1hNWRjLTc4ZGE4MWRjZTc3MNgCBeACAQ&sid=b763fb36764d5cd0e36225c82d13f70b&aid=304142,,,,,,,,,,,
14-Jan-26,Mexico,Tulum,Naala Tulum,"Av. Cobá Sur, Región 014, Súper manzana 001, manzana 004, Lote 001, Zama, 77760 Tulum, Mexico","20.205991054229898, -87.4506867141122",,,,Booking.com,03/Jan/26,https://www.booking.com/hotel/mx/naala-tulum.en-gb.html?label=gen173nr-1FCCsoggI46AdICVgEaKkBiAEBmAEJuAEHyAEM2AEB6AEB-AEDiAIBqAIDuALgt-LDBsACAdICJDU4MTczODQyLWIyNzAtNDU1MS1hNWRjLTc4ZGE4MWRjZTc3MNgCBeACAQ&sid=b763fb36764d5cd0e36225c82d13f70b&aid=304142,,,,,,,,,,,
15-Jan-26,Mexico,Tulum,Naala Tulum,"Av. Cobá Sur, Región 014, Súper manzana 001, manzana 004, Lote 001, Zama, 77760 Tulum, Mexico","20.205991054229898, -87.4506867141122",,,,Booking.com,03/Jan/26,https://www.booking.com/hotel/mx/naala-tulum.en-gb.html?label=gen173nr-1FCCsoggI46AdICVgEaKkBiAEBmAEJuAEHyAEM2AEB6AEB-AEDiAIBqAIDuALgt-LDBsACAdICJDU4MTczODQyLWIyNzAtNDU1MS1hNWRjLTc4ZGE4MWRjZTc3MNgCBeACAQ&sid=b763fb36764d5cd0e36225c82d13f70b&aid=304142,,,,,,,,,,,
16-Jan-26,Mexico,Tulum,Naala Tulum,"Av. Cobá Sur, Región 014, Súper manzana 001, manzana 004, Lote 001, Zama, 77760 Tulum, Mexico","20.205991054229898, -87.4506867141122",,,,Booking.com,03/Jan/26,https://www.booking.com/hotel/mx/naala-tulum.en-gb.html?label=gen173nr-1FCCsoggI46AdICVgEaKkBiAEBmAEJuAEHyAEM2AEB6AEB-AEDiAIBqAIDuALgt-LDBsACAdICJDU4MTczODQyLWIyNzAtNDU1MS1hNWRjLTc4ZGE4MWRjZTc3MNgCBeACAQ&sid=b763fb36764d5cd0e36225c82d13f70b&aid=304142,,,,,,,,,,,
17-Jan-26,Mexico,,,,,12:00,,,,,,,,,,,,,,,,
18-Jan-26,Mexico,,,,,,,,,,,,,,,,,,,,,
19-Jan-26,Mexico,,,,,,,,,,,,,,,,,,,,,
20-Jan-26,Mexico,,,,,,,,,,,,,,,,,,,,,
21-Jan-26,Belize,,,,,,,,,,,,,,,,,,,,,
22-Jan-26,Belize,,,,,,,,,,,,,,,,,,,,,
23-Jan-26,Belize,,,,,,,,,,,,,,,,,,,,,
24-Jan-26,Belize,,,,,,,,,,,,,,,,,,,,,
25-Jan-26,Belize,,,,,,,,,,,,,,,,,,,,,
26-Jan-26,Belize,,,,,,,,,,,,,,,,,,,,,
27-Jan-26,Belize,,,,,,,,,,,,,,,,,,,,,
28-Jan-26,Belize,,,,,,,,,,,,,,,,,,,,,
29-Jan-26,Belize,,,,,,,,,,,,,,,,,,,,,
30-Jan-26,Belize,,,,,,,,,,,,,,,,,,,,,
31-Jan-26,Belize,,,,,,,,,,,,,,,,,,,,,
1-Feb-26,Belize,,,,,,,,,,,,,,,,,,,,,
2-Feb-26,Belize,,,,,,,,,,,,,,,,,,,,,
3-Feb-26,Belize,,,,,,,,,,,,,,,,,,,,,
4-Feb-26,Carribean,Carribean cruise,,,"14.701249430709968, -66.90445093110056",,,,,,,,,,,,,,,,,
5-Feb-26,Carribean,Carribean cruise,,,"14.701249430709968, -66.90445093110056",,,,,,,,,,,,,,,,,
6-Feb-26,Carribean,Carribean cruise,,,"14.701249430709968, -66.90445093110056",,,,,,,,,,,,,,,,,
7-Feb-26,Carribean,Carribean cruise,,,"14.701249430709968, -66.90445093110056",,,,,,,,,,,,,,,,,
8-Feb-26,Carribean,Carribean cruise,,,"14.701249430709968, -66.90445093110056",,,,,,,,,,,,,,,,,
9-Feb-26,Carribean,Carribean cruise,,,"14.701249430709968, -66.90445093110056",,,,,,,,,,,,,,,,,
10-Feb-26,Carribean,Carribean cruise,,,"14.701249430709968, -66.90445093110056",,,,,,,,,,,,,,,,,
11-Feb-26,Carribean,Carribean cruise,,,"14.701249430709968, -66.90445093110056",,,,,,,,,,,,,,,,,
12-Feb-26,Carribean,Carribean cruise,,,"14.701249430709968, -66.90445093110056",,,,,,,,,,,,,,,,,
13-Feb-26,Carribean,Carribean cruise,,,"14.701249430709968, -66.90445093110056",,,,,,,,,,,,,,,,,
14-Feb-26,Carribean,Carribean cruise,,,"14.701249430709968, -66.90445093110056",,,,,,,,,,,,,,,,,
15-Feb-26,Carribean,Carribean cruise,,,"14.701249430709968, -66.90445093110056",,,,,,,,,,,,,,,,,
16-Feb-26,Netherlands,,,,,,,,,,,,,,,,,,,,,
17-Feb-26,Netherlands,,,,,,,,,,,,,,,,,,,,,
18-Feb-26,Netherlands,,,,,,,,,,,,,,,,,,,,,
19-Feb-26,Netherlands,,,,,,,,,,,,,,,,,,,,,
20-Feb-26,Netherlands,,,,,,,,,,,,,,,,,,,,,
21-Feb-26,Netherlands,,,,,,,,,,,,,,,,,,,,,
22-Feb-26,Netherlands,,,,,,,,,,,,,,,,,,,,,
23-Feb-26,Netherlands,,,,,,,,,,,,,,,,,,,,,
24-Feb-26,Netherlands,,,,,,,,,,,,,,,,,,,,,
25-Feb-26,Netherlands,,,,,,,,,,,,,,,,,,,,,
26-Feb-26,Netherlands,,,,,,,,,,,,,,,,,,,,,
27-Feb-26,Netherlands,,,,,,,,,,,,,,,,,,,,,
28-Feb-26,Netherlands,,,,,,,,,,,,,,,,,,,,,
1-Mar-26,Netherlands,,,,,,,,,,,,,,,,,,,,,
2-Mar-26,Netherlands,,,,,,,,,,,,,,,,,,,,,
3-Mar-26,Netherlands,,,,,,,,,,,,,,,,,,,,,
4-Mar-26,Netherlands,,,,,,,,,,,,,,,,,,,,,
5-Mar-26,Netherlands,,,,,,,,,,,,,,,,,,,,,
6-Mar-26,Netherlands,,,,,,,,,,,,,,,,,,,,,
7-Mar-26,Netherlands,,,,,,,,,,,,,,,,,,,,,
8-Mar-26,Netherlands,,,,,,,,,,,,,,,,,,,,,
9-Mar-26,Netherlands,,,,,,,,,,,,,,,,,,,,,
10-Mar-26,Netherlands,,,,,,,,,,,,,,,,,,,,,
11-Mar-26,Netherlands,,,,,,,,,,,,,,,,,,,,,
12-Mar-26,Netherlands,,,,,,,,,,,,,,,,,,,,,
13-Mar-26,Netherlands,,,,,,,,,,,,,,,,,,,,,
14-Mar-26,New Zeeland,,,,,,,,,,,,,,,,,,,,,
15-Mar-26,New Zeeland,,,,,,,,,,,,,,,,,,,,,
16-Mar-26,New Zeeland,,,,,,,,,,,,,,,,,,,,,
17-Mar-26,New Zeeland,,,,,,,,,,,,,,,,,,,,,
18-Mar-26,New Zeeland,,,,,,,,,,,,,,,,,,,,,
19-Mar-26,New Zeeland,,,,,,,,,,,,,,,,,,,,,
20-Mar-26,New Zeeland,,,,,,,,,,,,,,,,,,,,,
21-Mar-26,New Zeeland,,,,,,,,,,,,,,,,,,,,,
22-Mar-26,New Zeeland,,,,,,,,,,,,,,,,,,,,,
23-Mar-26,New Zeeland,,,,,,,,,,,,,,,,,,,,,
24-Mar-26,New Zeeland,,,,,,,,,,,,,,,,,,,,,
25-Mar-26,New Zeeland,,,,,,,,,,,,,,,,,,,,,
26-Mar-26,New Zeeland,,,,,,,,,,,,,,,,,,,,,
27-Mar-26,New Zeeland,,,,,,,,,,,,,,,,,,,,,
28-Mar-26,New Zeeland,,,,,,,,,,,,,,,,,,,,,
29-Mar-26,New Zeeland,,,,,,,,,,,,,,,,,,,,,
30-Mar-26,New Zeeland,,,,,,,,,,,,,,,,,,,,,
31-Mar-26,New Zeeland,,,,,,,,,,,,,,,,,,,,,
1-Apr-26,New Zeeland,,,,,,,,,,,,,,,,,,,,,
2-Apr-26,New Zeeland,,,,,,,,,,,,,,,,,,,,,
3-Apr-26,New Zeeland,,,,,,,,,,,,,,,,,,,,,
4-Apr-26,New Zeeland,,,,,,,,,,,,,,,,,,,,,
5-Apr-26,New Zeeland,,,,,,,,,,,,,,,,,,,,,
6-Apr-26,New Zeeland,,,,,,,,,,,,,,,,,,,,,
7-Apr-26,New Zeeland,,,,,,,,,,,,,,,,,,,,,
8-Apr-26,New Zeeland,,,,,,,,,,,,,,,,,,,,,
9-Apr-26,New Zeeland,,,,,,,,,,,,,,,,,,,,,
10-Apr-26,Australia,Melbourne,,,,,,,,,,,,,,,,,,,,
11-Apr-26,Australia,Melbourne,,,,,,,,,,,,,,,,,,,,
12-Apr-26,Australia,Melbourne,,,,,,,,,,,,,,,,,,,,
13-Apr-26,Australia,Melbourne,,,,,,,,,,,,,,,,,,,,
14-Apr-26,Australia,Melbourne,,,,,,,,,,,,,,,,,,,,
15-Apr-26,Australia,Melbourne,,,,,,,,,,,,,,,,,,,,
16-Apr-26,Australia,,,,,,,,,,,,,,,,,,,,,
17-Apr-26,Australia,,,,,,,,,,,,,,,,,,,,,
18-Apr-26,Australia,,,,,,,,,,,,,,,,,,,,,
19-Apr-26,Australia,,,,,,,,,,,,,,,,,,,,,
20-Apr-26,Australia,,,,,,,,,,,,,,,,,,,,,
21-Apr-26,Australia,,,,,,,,,,,,,,,,,,,,,
22-Apr-26,Australia,,,,,,,,,,,,,,,,,,,,,
23-Apr-26,Australia,,,,,,,,,,,,,,,,,,,,,
24-Apr-26,Australia,Brisbane,,,,,,,,,,,,,,,,,,,,
25-Apr-26,Australia,Brisbane,,,,,,,,,,,,,,,,,,,,
26-Apr-26,Australia,Brisbane,,,,,,,,,,,,,,,,,,,,
27-Apr-26,Australia,Brisbane,,,,,,,,,,,,,,,,,,,,
28-Apr-26,Australia,Brisbane,,,,,,,,,,,,,,,,,,,,
29-Apr-26,Australia,Brisbane,,,,,,,,,,,,,,,,,,,,
30-Apr-26,Australia,Brisbane,,,,,,,,,,,,,,,,,,,,
1-May-26,Australia,Brisbane,,,,,,,,,,,,,,,,,,,,
2-May-26,Australia,Brisbane,,,,,,,,,,,,,,,,,,,,
3-May-26,Australia,Sydney,,,,,,,,,,,,,,,,,,,,
4-May-26,Fiji,Fiji Cruise Sydney,,,,,,,,,https://www.carnival.com/booking/review?embkCode=SYD&itinCode=PAN&durDays=12&shipCode=AQ&subRegionCode=FS&sailingID=22613&sailDate=05042026&numGuests=2&isMilitary=N&isOver55=N&isPastGuest=N&stateCode=&couponCode=&evsel=&locality=1&currency=USD&roomType=IS,,,,,,,,,,,
5-May-26,Fiji,Fiji Cruise Sydney,,,,,,,,,https://www.carnival.com/booking/review?embkCode=SYD&itinCode=PAN&durDays=12&shipCode=AQ&subRegionCode=FS&sailingID=22613&sailDate=05042026&numGuests=2&isMilitary=N&isOver55=N&isPastGuest=N&stateCode=&couponCode=&evsel=&locality=1&currency=USD&roomType=IS,,,,,,,,,,,
6-May-26,Fiji,Fiji Cruise Sydney,,,,,,,,,https://www.carnival.com/booking/review?embkCode=SYD&itinCode=PAN&durDays=12&shipCode=AQ&subRegionCode=FS&sailingID=22613&sailDate=05042026&numGuests=2&isMilitary=N&isOver55=N&isPastGuest=N&stateCode=&couponCode=&evsel=&locality=1&currency=USD&roomType=IS,,,,,,,,,,,
7-May-26,Fiji,Fiji Cruise Sydney,,,,,,,,,https://www.carnival.com/booking/review?embkCode=SYD&itinCode=PAN&durDays=12&shipCode=AQ&subRegionCode=FS&sailingID=22613&sailDate=05042026&numGuests=2&isMilitary=N&isOver55=N&isPastGuest=N&stateCode=&couponCode=&evsel=&locality=1&currency=USD&roomType=IS,,,,,,,,,,,
8-May-26,Fiji,Fiji Cruise Sydney,,,,,,,,,https://www.carnival.com/booking/review?embkCode=SYD&itinCode=PAN&durDays=12&shipCode=AQ&subRegionCode=FS&sailingID=22613&sailDate=05042026&numGuests=2&isMilitary=N&isOver55=N&isPastGuest=N&stateCode=&couponCode=&evsel=&locality=1&currency=USD&roomType=IS,,,,,,,,,,,
9-May-26,Fiji,Fiji Cruise Sydney,,,,,,,,,https://www.carnival.com/booking/review?embkCode=SYD&itinCode=PAN&durDays=12&shipCode=AQ&subRegionCode=FS&sailingID=22613&sailDate=05042026&numGuests=2&isMilitary=N&isOver55=N&isPastGuest=N&stateCode=&couponCode=&evsel=&locality=1&currency=USD&roomType=IS,,,,,,,,,,,
10-May-26,Fiji,Fiji Cruise Sydney,,,,,,,,,https://www.carnival.com/booking/review?embkCode=SYD&itinCode=PAN&durDays=12&shipCode=AQ&subRegionCode=FS&sailingID=22613&sailDate=05042026&numGuests=2&isMilitary=N&isOver55=N&isPastGuest=N&stateCode=&couponCode=&evsel=&locality=1&currency=USD&roomType=IS,,,,,,,,,,,
11-May-26,Fiji,Fiji Cruise Sydney,,,,,,,,,https://www.carnival.com/booking/review?embkCode=SYD&itinCode=PAN&durDays=12&shipCode=AQ&subRegionCode=FS&sailingID=22613&sailDate=05042026&numGuests=2&isMilitary=N&isOver55=N&isPastGuest=N&stateCode=&couponCode=&evsel=&locality=1&currency=USD&roomType=IS,,,,,,,,,,,
12-May-26,Fiji,Fiji Cruise Sydney,,,,,,,,,https://www.carnival.com/booking/review?embkCode=SYD&itinCode=PAN&durDays=12&shipCode=AQ&subRegionCode=FS&sailingID=22613&sailDate=05042026&numGuests=2&isMilitary=N&isOver55=N&isPastGuest=N&stateCode=&couponCode=&evsel=&locality=1&currency=USD&roomType=IS,,,,,,,,,,,
13-May-26,Fiji,Fiji Cruise Sydney,,,,,,,,,https://www.carnival.com/booking/review?embkCode=SYD&itinCode=PAN&durDays=12&shipCode=AQ&subRegionCode=FS&sailingID=22613&sailDate=05042026&numGuests=2&isMilitary=N&isOver55=N&isPastGuest=N&stateCode=&couponCode=&evsel=&locality=1&currency=USD&roomType=IS,,,,,,,,,,,
14-May-26,Fiji,Fiji Cruise Sydney,,,,,,,,,https://www.carnival.com/booking/review?embkCode=SYD&itinCode=PAN&durDays=12&shipCode=AQ&subRegionCode=FS&sailingID=22613&sailDate=05042026&numGuests=2&isMilitary=N&isOver55=N&isPastGuest=N&stateCode=&couponCode=&evsel=&locality=1&currency=USD&roomType=IS,,,,,,,,,,,
15-May-26,Fiji,Fiji Cruise Sydney,,,,,,,,,https://www.carnival.com/booking/review?embkCode=SYD&itinCode=PAN&durDays=12&shipCode=AQ&subRegionCode=FS&sailingID=22613&sailDate=05042026&numGuests=2&isMilitary=N&isOver55=N&isPastGuest=N&stateCode=&couponCode=&evsel=&locality=1&currency=USD&roomType=IS,,,,,,,,,,,
16-May-26,Fiji,Fiji Cruise Sydney,,,,,,,,,https://www.carnival.com/booking/review?embkCode=SYD&itinCode=PAN&durDays=12&shipCode=AQ&subRegionCode=FS&sailingID=22613&sailDate=05042026&numGuests=2&isMilitary=N&isOver55=N&isPastGuest=N&stateCode=&couponCode=&evsel=&locality=1&currency=USD&roomType=IS,,,,,,,,,,,
17-May-26,Australia,Sydney,,,,,,,,,,,,,,,,,,,,
18-May-26,Australia,Cairns,,,,,,,,,,,,,,,,,,,,
19-May-26,Australia,Cairns,,,,,,,,,,,,,,,,,,,,
20-May-26,Australia,Cairns,,,,,,,,,,,,,,,,,,,,
21-May-26,Australia,Cairns,,,,,,,,,,,,,,,,,,,,
22-May-26,Australia,Cairns,,,,,,,,,,,,,,,,,,,,
23-May-26,Australia,Cairns,,,,,,,,,,,,,,,,,,,,
24-May-26,Australia,Cairns,,,,,,,,,,,,,,,,,,,,
25-May-26,Australia,Cairns,,,,,,,,,,,,,,,,,,,,
26-May-26,Philippines,,,,,,,,,,,,,,,,,,,,,
27-May-26,Philippines,,,,,,,,,,,,,,,,,,,,,
28-May-26,Philippines,,,,,,,,,,,,,,,,,,,,,
29-May-26,Philippines,,,,,,,,,,,,,,,,,,,,,
30-May-26,Philippines,,,,,,,,,,,,,,,,,,,,,
31-May-26,Philippines,,,,,,,,,,,,,,,,,,,,,
1-Jun-26,Philippines,,,,,,,,,,,,,,,,,,,,,
2-Jun-26,Philippines,,,,,,,,,,,,,,,,,,,,,
3-Jun-26,Philippines,,,,,,,,,,,,,,,,,,,,,
4-Jun-26,Philippines,,,,,,,,,,,,,,,,,,,,,
5-Jun-26,Philippines,,,,,,,,,,,,,,,,,,,,,
6-Jun-26,Philippines,,,,,,,,,,,,,,,,,,,,,
7-Jun-26,Philippines,,,,,,,,,,,,,,,,,,,,,
8-Jun-26,Philippines,,,,,,,,,,,,,,,,,,,,,
9-Jun-26,Philippines,,,,,,,,,,,,,,,,,,,,,
10-Jun-26,Philippines,,,,,,,,,,,,,,,,,,,,,
11-Jun-26,Philippines,,,,,,,,,,,,,,,,,,,,,
12-Jun-26,Philippines,,,,,,,,,,,,,,,,,,,,,
13-Jun-26,Philippines,,,,,,,,,,,,,,,,,,,,,
14-Jun-26,Philippines,,,,,,,,,,,,,,,,,,,,,
15-Jun-26,Philippines,,,,,,,,,,,,,,,,,,,,,
16-Jun-26,Philippines,,,,,,,,,,,,,,,,,,,,,
17-Jun-26,Philippines,,,,,,,,,,,,,,,,,,,,,
18-Jun-26,Philippines,,,,,,,,,,,,,,,,,,,,,
19-Jun-26,Philippines,,,,,,,,,,,,,,,,,,,,,
20-Jun-26,Philippines,,,,,,,,,,,,,,,,,,,,,
21-Jun-26,Philippines,,,,,,,,,,,,,,,,,,,,,
22-Jun-26,Philippines,,,,,,,,,,,,,,,,,,,,,
23-Jun-26,Philippines,,,,,,,,,,,,,,,,,,,,,
24-Jun-26,Philippines,,,,,,,,,,,,,,,,,,,,,
25-Jun-26,Philippines,,,,,,,,,,,,,,,,,,,,,
26-Jun-26,Philippines,,,,,,,,,,,,,,,,,,,,,
27-Jun-26,Singapore,,,,,,,,,,,,,,,,,,,,,
28-Jun-26,Singapore,,,,,,,,,,,,,,,,,,,,,
29-Jun-26,Singapore,,,,,,,,,,,,,,,,,,,,,
30-Jun-26,Singapore,,,,,,,,,,,,,,,,,,,,,
1-Jul-26,Singapore,,,,,,,,,,,,,,,,,,,,,
2-Jul-26,Singapore,,,,,,,,,,,,,,,,,,,,,
3-Jul-26,Singapore,,,,,,,,,,,,,,,,,,,,,
4-Jul-26,Indonesia,,,,,,,,,,,,,,,,,,,,,
5-Jul-26,Indonesia,,,,,,,,,,,,,,,,,,,,,
6-Jul-26,Indonesia,,,,,,,,,,,,,,,,,,,,,
7-Jul-26,Indonesia,,,,,,,,,,,,,,,,,,,,,
8-Jul-26,Indonesia,,,,,,,,,,,,,,,,,,,,,
9-Jul-26,Indonesia,,,,,,,,,,,,,,,,,,,,,
10-Jul-26,Indonesia,,,,,,,,,,,,,,,,,,,,,
11-Jul-26,Indonesia,,,,,,,,,,,,,,,,,,,,,
12-Jul-26,Indonesia,,,,,,,,,,,,,,,,,,,,,
13-Jul-26,Indonesia,,,,,,,,,,,,,,,,,,,,,
14-Jul-26,Indonesia,,,,,,,,,,,,,,,,,,,,,
15-Jul-26,Indonesia,,,,,,,,,,,,,,,,,,,,,
16-Jul-26,Indonesia,,,,,,,,,,,,,,,,,,,,,
17-Jul-26,Indonesia,,,,,,,,,,,,,,,,,,,,,
18-Jul-26,Indonesia,,,,,,,,,,,,,,,,,,,,,
19-Jul-26,Indonesia,,,,,,,,,,,,,,,,,,,,,
20-Jul-26,Indonesia,,,,,,,,,,,,,,,,,,,,,
21-Jul-26,Indonesia,,,,,,,,,,,,,,,,,,,,,
22-Jul-26,Indonesia,,,,,,,,,,,,,,,,,,,,,
23-Jul-26,Indonesia,,,,,,,,,,,,,,,,,,,,,
24-Jul-26,Indonesia,,,,,,,,,,,,,,,,,,,,,
25-Jul-26,Indonesia,,,,,,,,,,,,,,,,,,,,,
26-Jul-26,Indonesia,,,,,,,,,,,,,,,,,,,,,
27-Jul-26,Indonesia,,,,,,,,,,,,,,,,,,,,,
28-Jul-26,Indonesia,,,,,,,,,,,,,,,,,,,,,
29-Jul-26,Indonesia,,,,,,,,,,,,,,,,,,,,,
30-Jul-26,Indonesia,,,,,,,,,,,,,,,,,,,,,
31-Jul-26,Indonesia,,,,,,,,,,,,,,,,,,,,,
1-Aug-26,Indonesia,,,,,,,,,,,,,,,,,,,,,
2-Aug-26,Indonesia,,,,,,,,,,,,,,,,,,,,,
3-Aug-26,Indonesia,,,,,,,,,,,,,,,,,,,,,
4-Aug-26,Thailand,,,,,,,,,,,,,,,,,,,,,
5-Aug-26,Thailand,,,,,,,,,,,,,,,,,,,,,
6-Aug-26,Thailand,,,,,,,,,,,,,,,,,,,,,
7-Aug-26,Thailand,,,,,,,,,,,,,,,,,,,,,
8-Aug-26,Thailand,,,,,,,,,,,,,,,,,,,,,
9-Aug-26,Thailand,,,,,,,,,,,,,,,,,,,,,
10-Aug-26,Thailand,,,,,,,,,,,,,,,,,,,,,
11-Aug-26,Thailand,,,,,,,,,,,,,,,,,,,,,
12-Aug-26,Thailand,,,,,,,,,,,,,,,,,,,,,
13-Aug-26,Thailand,,,,,,,,,,,,,,,,,,,,,
14-Aug-26,Thailand,,,,,,,,,,,,,,,,,,,,,
15-Aug-26,Thailand,,,,,,,,,,,,,,,,,,,,,
16-Aug-26,Thailand,,,,,,,,,,,,,,,,,,,,,
17-Aug-26,Thailand,,,,,,,,,,,,,,,,,,,,,
18-Aug-26,Thailand,,,,,,,,,,,,,,,,,,,,,
19-Aug-26,Thailand,,,,,,,,,,,,,,,,,,,,,
20-Aug-26,Thailand,,,,,,,,,,,,,,,,,,,,,
21-Aug-26,Thailand,,,,,,,,,,,,,,,,,,,,,
22-Aug-26,Thailand,,,,,,,,,,,,,,,,,,,,,
23-Aug-26,Thailand,,,,,,,,,,,,,,,,,,,,,
24-Aug-26,Thailand,,,,,,,,,,,,,,,,,,,,,
25-Aug-26,Thailand,,,,,,,,,,,,,,,,,,,,,
26-Aug-26,Thailand,,,,,,,,,,,,,,,,,,,,,
27-Aug-26,Thailand,,,,,,,,,,,,,,,,,,,,,
28-Aug-26,Thailand,,,,,,,,,,,,,,,,,,,,,
29-Aug-26,Thailand,,,,,,,,,,,,,,,,,,,,,
30-Aug-26,Thailand,,,,,,,,,,,,,,,,,,,,,
31-Aug-26,Thailand,,,,,,,,,,,,,,,,,,,,,
1-Sep-26,,,,,,,,,,,,,,,,,,,,,,
2-Sep-26,,,,,,,,,,,,,,,,,,,,,,
3-Sep-26,,,,,,,,,,,,,,,,,,,,,,
4-Sep-26,,,,,,,,,,,,,,,,,,,,,,
5-Sep-26,,,,,,,,,,,,,,,,,,,,,,
6-Sep-26,,,,,,,,,,,,,,,,,,,,,,
7-Sep-26,,,,,,,,,,,,,,,,,,,,,,
8-Sep-26,,,,,,,,,,,,,,,,,,,,,,
9-Sep-26,,,,,,,,,,,,,,,,,,,,,,
10-Sep-26,,,,,,,,,,,,,,,,,,,,,,
11-Sep-26,,,,,,,,,,,,,,,,,,,,,,
12-Sep-26,,,,,,,,,,,,,,,,,,,,,,
13-Sep-26,,,,,,,,,,,,,,,,,,,,,,
14-Sep-26,,,,,,,,,,,,,,,,,,,,,,
15-Sep-26,,,,,,,,,,,,,,,,,,,,,,
16-Sep-26,,,,,,,,,,,,,,,,,,,,,,
17-Sep-26,,,,,,,,,,,,,,,,,,,,,,
18-Sep-26,,,,,,,,,,,,,,,,,,,,,,
19-Sep-26,,,,,,,,,,,,,,,,,,,,,,
20-Sep-26,,,,,,,,,,,,,,,,,,,,,,
21-Sep-26,,,,,,,,,,,,,,,,,,,,,,
22-Sep-26,,,,,,,,,,,,,,,,,,,,,,
23-Sep-26,,,,,,,,,,,,,,,,,,,,,,
24-Sep-26,,,,,,,,,,,,,,,,,,,,,,
25-Sep-26,,,,,,,,,,,,,,,,,,,,,,
26-Sep-26,,,,,,,,,,,,,,,,,,,,,,
27-Sep-26,,,,,,,,,,,,,,,,,,,,,,
28-Sep-26,,,,,,,,,,,,,,,,,,,,,,
29-Sep-26,,,,,,,,,,,,,,,,,,,,,,
30-Sep-26,,,,,,,,,,,,,,,,,,,,,,
1-Oct-26,,,,,,,,,,,,,,,,,,,,,,
2-Oct-26,,,,,,,,,,,,,,,,,,,,,,
3-Oct-26,,,,,,,,,,,,,,,,,,,,,,
4-Oct-26,,,,,,,,,,,,,,,,,,,,,,
5-Oct-26,,,,,,,,,,,,,,,,,,,,,,
6-Oct-26,,,,,,,,,,,,,,,,,,,,,,
7-Oct-26,,,,,,,,,,,,,,,,,,,,,,
8-Oct-26,,,,,,,,,,,,,,,,,,,,,,
9-Oct-26,,,,,,,,,,,,,,,,,,,,,,
10-Oct-26,,,,,,,,,,,,,,,,,,,,,,
11-Oct-26,,,,,,,,,,,,,,,,,,,,,,
12-Oct-26,,,,,,,,,,,,,,,,,,,,,,
13-Oct-26,,,,,,,,,,,,,,,,,,,,,,
14-Oct-26,,,,,,,,,,,,,,,,,,,,,,
15-Oct-26,,,,,,,,,,,,,,,,,,,,,,
16-Oct-26,,,,,,,,,,,,,,,,,,,,,,
17-Oct-26,,,,,,,,,,,,,,,,,,,,,,
18-Oct-26,,,,,,,,,,,,,,,,,,,,,,
19-Oct-26,,,,,,,,,,,,,,,,,,,,,,
20-Oct-26,,,,,,,,,,,,,,,,,,,,,,
21-Oct-26,,,,,,,,,,,,,,,,,,,,,,
22-Oct-26,,,,,,,,,,,,,,,,,,,,,,
23-Oct-26,,,,,,,,,,,,,,,,,,,,,,
24-Oct-26,,,,,,,,,,,,,,,,,,,,,,
25-Oct-26,,,,,,,,,,,,,,,,,,,,,,
26-Oct-26,,,,,,,,,,,,,,,,,,,,,,
27-Oct-26,,,,,,,,,,,,,,,,,,,,,,
28-Oct-26,,,,,,,,,,,,,,,,,,,,,,
29-Oct-26,,,,,,,,,,,,,,,,,,,,,,
30-Oct-26,,,,,,,,,,,,,,,,,,,,,,
31-Oct-26,Netherlands,Woerden,Heesen Home,Nieuwe Markt 20 Woerden,,,,0,,,,,,,,,,,,,,